colour	x	y	key	clickSelects	showSelected1	showSelected2	showSelected3	showSelected4	fill
#FF0000	0.1	0.4	1.11	1.11	FPR=0.012	BIC	max	FALSE	#FF0000
#FF0000	0.1	0.42	4.2	4.2	FPR=0.012	BIC	max	FALSE	#FF0000
#FF0000	0.1	0.44	12.2	12.2	FPR=0.012	BIC	max	FALSE	#FF0000
#FF0000	0.1	0.46	18.17	18.17	FPR=0.012	BIC	max	FALSE	#FF0000
#FF0000	0.1	0.48	29.17	29.17	FPR=0.012	BIC	max	FALSE	#FF0000
#FF0000	0.1	0.5	30.17	30.17	FPR=0.012	BIC	max	FALSE	#FF0000
#FF0000	0.1	0.52	33.17	33.17	FPR=0.012	BIC	max	FALSE	#FF0000
#FF0000	0.1	0.54	39.11	39.11	FPR=0.012	BIC	max	FALSE	#FF0000
#FF0000	0.1	0.56	40.1	40.1	FPR=0.012	BIC	max	FALSE	#FF0000
#FF0000	0.1	0.58	40.2	40.2	FPR=0.012	BIC	max	FALSE	#FF0000
#FF0000	0.1	0.6	40.11	40.11	FPR=0.012	BIC	max	FALSE	#FF0000
#FF0000	0.1	0.62	46.1	46.1	FPR=0.012	BIC	max	FALSE	#FF0000
#FF0000	0.1	0.64	50.3	50.3	FPR=0.012	BIC	max	FALSE	#FF0000
#FF0000	0.1	0.66	60.2	60.2	FPR=0.012	BIC	max	FALSE	#FF0000
#FF0000	0.1	0.68	68.11	68.11	FPR=0.012	BIC	max	FALSE	#FF0000
#FF0000	0.1	0.7	68.17	68.17	FPR=0.012	BIC	max	FALSE	#FF0000
#FF0000	0.1	0.72	81.2	81.2	FPR=0.012	BIC	max	FALSE	#FF0000
#FF0000	0.1	0.74	91.11	91.11	FPR=0.012	BIC	max	FALSE	#FF0000
#FF0000	0.087	0.4	94.4	94.4	FPR=0.012	BIC	max	FALSE	#FF0000
#FF0000	0.087	0.42	103.17	103.17	FPR=0.012	BIC	max	FALSE	#FF0000
#FF0000	0.087	0.44	108.11	108.11	FPR=0.012	BIC	max	FALSE	#FF0000
#FF0000	0.087	0.46	108.17	108.17	FPR=0.012	BIC	max	FALSE	#FF0000
#FF0000	0.087	0.48	113.2	113.2	FPR=0.012	BIC	max	FALSE	#FF0000
#FF0000	0.087	0.5	114.2	114.2	FPR=0.012	BIC	max	FALSE	#FF0000
#FF0000	0.087	0.52	114.11	114.11	FPR=0.012	BIC	max	FALSE	#FF0000
#FF0000	0.087	0.54	115.3	115.3	FPR=0.012	BIC	max	FALSE	#FF0000
#FF0000	0.087	0.56	115.11	115.11	FPR=0.012	BIC	max	FALSE	#FF0000
#FF0000	0.087	0.58	115.17	115.17	FPR=0.012	BIC	max	FALSE	#FF0000
#FF0000	0.087	0.6	119.3	119.3	FPR=0.012	BIC	max	FALSE	#FF0000
#FF0000	0.087	0.62	119.11	119.11	FPR=0.012	BIC	max	FALSE	#FF0000
#FF0000	0.087	0.64	121.2	121.2	FPR=0.012	BIC	max	FALSE	#FF0000
#FF0000	0.087	0.66	123.3	123.3	FPR=0.012	BIC	max	FALSE	#FF0000
#FF0000	0.087	0.68	123.17	123.17	FPR=0.012	BIC	max	FALSE	#FF0000
#FF0000	0.087	0.7	139.11	139.11	FPR=0.012	BIC	max	FALSE	#FF0000
#FF0000	0.087	0.72	144.17	144.17	FPR=0.012	BIC	max	FALSE	#FF0000
#FF0000	0.087	0.74	145.17	145.17	FPR=0.012	BIC	max	FALSE	#FF0000
#FF0000	0.074	0.4	147.11	147.11	FPR=0.012	BIC	max	FALSE	#FF0000
#FF0000	0.074	0.42	149.11	149.11	FPR=0.012	BIC	max	FALSE	#FF0000
#FF0000	0.074	0.44	149.17	149.17	FPR=0.012	BIC	max	FALSE	#FF0000
#FF0000	0.074	0.46	162.3	162.3	FPR=0.012	BIC	max	FALSE	#FF0000
#FF0000	0.074	0.48	162.17	162.17	FPR=0.012	BIC	max	FALSE	#FF0000
#FF0000	0.074	0.5	167.17	167.17	FPR=0.012	BIC	max	FALSE	#FF0000
#FF0000	0.074	0.52	168.2	168.2	FPR=0.012	BIC	max	FALSE	#FF0000
#FF0000	0.074	0.54	168.11	168.11	FPR=0.012	BIC	max	FALSE	#FF0000
#FF0000	0.074	0.56	173.17	173.17	FPR=0.012	BIC	max	FALSE	#FF0000
#FF0000	0.074	0.58	185.11	185.11	FPR=0.012	BIC	max	FALSE	#FF0000
#FF0000	0.074	0.6	188.11	188.11	FPR=0.012	BIC	max	FALSE	#FF0000
#FF0000	0.074	0.62	190.4	190.4	FPR=0.012	BIC	max	FALSE	#FF0000
#FF0000	0.074	0.64	194.3	194.3	FPR=0.012	BIC	max	FALSE	#FF0000
#FF0000	0.074	0.66	201.2	201.2	FPR=0.012	BIC	max	FALSE	#FF0000
#FF0000	0.074	0.68	201.11	201.11	FPR=0.012	BIC	max	FALSE	#FF0000
#FF0000	0.074	0.7	202.2	202.2	FPR=0.012	BIC	max	FALSE	#FF0000
#FF0000	0.074	0.72	207.17	207.17	FPR=0.012	BIC	max	FALSE	#FF0000
#FF0000	0.074	0.74	214.17	214.17	FPR=0.012	BIC	max	FALSE	#FF0000
#FF0000	0.061	0.4	215.17	215.17	FPR=0.012	BIC	max	FALSE	#FF0000
#FF0000	0.061	0.42	220.11	220.11	FPR=0.012	BIC	max	FALSE	#FF0000
#FF0000	0.061	0.44	224.17	224.17	FPR=0.012	BIC	max	FALSE	#FF0000
#FF0000	0.061	0.46	226.1	226.1	FPR=0.012	BIC	max	FALSE	#FF0000
#FF0000	0.061	0.48	230.17	230.17	FPR=0.012	BIC	max	FALSE	#FF0000
#FF0000	0.061	0.5	235.2	235.2	FPR=0.012	BIC	max	FALSE	#FF0000
#FF0000	0.061	0.52	239.11	239.11	FPR=0.012	BIC	max	FALSE	#FF0000
#FF0000	0.061	0.54	260.17	260.17	FPR=0.012	BIC	max	FALSE	#FF0000
#FF0000	0.061	0.56	270.3	270.3	FPR=0.012	BIC	max	FALSE	#FF0000
#FF0000	0.061	0.58	273.17	273.17	FPR=0.012	BIC	max	FALSE	#FF0000
#FF0000	0.061	0.6	275.2	275.2	FPR=0.012	BIC	max	FALSE	#FF0000
#FF0000	0.061	0.62	277.2	277.2	FPR=0.012	BIC	max	FALSE	#FF0000
#FF0000	0.061	0.64	277.11	277.11	FPR=0.012	BIC	max	FALSE	#FF0000
#FF0000	0.061	0.66	289.17	289.17	FPR=0.012	BIC	max	FALSE	#FF0000
#FF0000	0.061	0.68	299.17	299.17	FPR=0.012	BIC	max	FALSE	#FF0000
#FF0000	0.061	0.7	310.17	310.17	FPR=0.012	BIC	max	FALSE	#FF0000
#FF0000	0.061	0.72	316.4	316.4	FPR=0.012	BIC	max	FALSE	#FF0000
#FF0000	0.061	0.74	331.2	331.2	FPR=0.012	BIC	max	FALSE	#FF0000
#FF0000	0.048	0.4	331.4	331.4	FPR=0.012	BIC	max	FALSE	#FF0000
#FF0000	0.048	0.42	331.17	331.17	FPR=0.012	BIC	max	FALSE	#FF0000
#FF0000	0.048	0.44	352.11	352.11	FPR=0.012	BIC	max	FALSE	#FF0000
#FF0000	0.048	0.46	360.17	360.17	FPR=0.012	BIC	max	FALSE	#FF0000
#FF0000	0.048	0.48	375.3	375.3	FPR=0.012	BIC	max	FALSE	#FF0000
#FF0000	0.048	0.5	400.11	400.11	FPR=0.012	BIC	max	FALSE	#FF0000
#FF0000	0.048	0.52	400.17	400.17	FPR=0.012	BIC	max	FALSE	#FF0000
#FF0000	0.048	0.54	412.17	412.17	FPR=0.012	BIC	max	FALSE	#FF0000
#FF0000	0.048	0.56	419.2	419.2	FPR=0.012	BIC	max	FALSE	#FF0000
#FF0000	0.048	0.58	419.11	419.11	FPR=0.012	BIC	max	FALSE	#FF0000
#FF0000	0.048	0.6	420.11	420.11	FPR=0.012	BIC	max	FALSE	#FF0000
#FF0000	0.048	0.62	431.11	431.11	FPR=0.012	BIC	max	FALSE	#FF0000
#FF0000	0.048	0.64	446.11	446.11	FPR=0.012	BIC	max	FALSE	#FF0000
#FF0000	0.048	0.66	487.17	487.17	FPR=0.012	BIC	max	FALSE	#FF0000
#FF0000	0.048	0.68	503.11	503.11	FPR=0.012	BIC	max	FALSE	#FF0000
#FF0000	0.048	0.7	505.2	505.2	FPR=0.012	BIC	max	FALSE	#FF0000
#FF0000	0.048	0.72	513.17	513.17	FPR=0.012	BIC	max	FALSE	#FF0000
#FF0000	0.048	0.74	522.3	522.3	FPR=0.012	BIC	max	FALSE	#FF0000
#FF0000	0.035	0.4	522.17	522.17	FPR=0.012	BIC	max	FALSE	#FF0000
#FF0000	0.035	0.42	537.1	537.1	FPR=0.012	BIC	max	FALSE	#FF0000
#FF0000	0.035	0.44	592.3	592.3	FPR=0.012	BIC	max	FALSE	#FF0000
#00BFFF	0.035	0.46	563.17	563.17	FPR=0.012	AIC	min	FALSE	#00BFFF
#FF0000	0.035	0.48	599.2	599.2	FPR=0.012	BIC	min	FALSE	#FF0000
#FF0000	0.1	0.4	4.4	4.4	FPR=0.015	BIC	max	FALSE	#FF0000
#FF0000	0.1	0.42	18.11	18.11	FPR=0.015	BIC	max	FALSE	#FF0000
#FF0000	0.1	0.44	18.17	18.17	FPR=0.015	BIC	max	FALSE	#FF0000
#FF0000	0.1	0.46	20.17	20.17	FPR=0.015	BIC	max	FALSE	#FF0000
#FF0000	0.1	0.48	40.11	40.11	FPR=0.015	BIC	max	FALSE	#FF0000
#FF0000	0.1	0.5	46.4	46.4	FPR=0.015	BIC	max	FALSE	#FF0000
#FF0000	0.1	0.52	46.17	46.17	FPR=0.015	BIC	max	FALSE	#FF0000
#FF0000	0.1	0.54	50.3	50.3	FPR=0.015	BIC	max	FALSE	#FF0000
#FF0000	0.1	0.56	50.17	50.17	FPR=0.015	BIC	max	FALSE	#FF0000
#FF0000	0.1	0.58	66.17	66.17	FPR=0.015	BIC	max	FALSE	#FF0000
#FF0000	0.1	0.6	81.2	81.2	FPR=0.015	BIC	max	FALSE	#FF0000
#FF0000	0.1	0.62	94.4	94.4	FPR=0.015	BIC	max	FALSE	#FF0000
#FF0000	0.1	0.64	113.2	113.2	FPR=0.015	BIC	max	FALSE	#FF0000
#FF0000	0.1	0.66	119.17	119.17	FPR=0.015	BIC	max	FALSE	#FF0000
#FF0000	0.1	0.68	121.2	121.2	FPR=0.015	BIC	max	FALSE	#FF0000
#FF0000	0.1	0.7	123.3	123.3	FPR=0.015	BIC	max	FALSE	#FF0000
#FF0000	0.1	0.72	128.3	128.3	FPR=0.015	BIC	max	FALSE	#FF0000
#FF0000	0.1	0.74	139.11	139.11	FPR=0.015	BIC	max	FALSE	#FF0000
#FF0000	0.087	0.4	144.17	144.17	FPR=0.015	BIC	max	FALSE	#FF0000
#FF0000	0.087	0.42	145.1	145.1	FPR=0.015	BIC	max	FALSE	#FF0000
#FF0000	0.087	0.44	145.3	145.3	FPR=0.015	BIC	max	FALSE	#FF0000
#FF0000	0.087	0.46	145.11	145.11	FPR=0.015	BIC	max	FALSE	#FF0000
#FF0000	0.087	0.48	149.11	149.11	FPR=0.015	BIC	max	FALSE	#FF0000
#FF0000	0.087	0.5	153.2	153.2	FPR=0.015	BIC	max	FALSE	#FF0000
#FF0000	0.087	0.52	155.17	155.17	FPR=0.015	BIC	max	FALSE	#FF0000
#FF0000	0.087	0.54	161.17	161.17	FPR=0.015	BIC	max	FALSE	#FF0000
#FF0000	0.087	0.56	162.3	162.3	FPR=0.015	BIC	max	FALSE	#FF0000
#FF0000	0.087	0.58	162.17	162.17	FPR=0.015	BIC	max	FALSE	#FF0000
#FF0000	0.087	0.6	167.11	167.11	FPR=0.015	BIC	max	FALSE	#FF0000
#FF0000	0.087	0.62	168.11	168.11	FPR=0.015	BIC	max	FALSE	#FF0000
#FF0000	0.087	0.64	173.17	173.17	FPR=0.015	BIC	max	FALSE	#FF0000
#FF0000	0.087	0.66	180.11	180.11	FPR=0.015	BIC	max	FALSE	#FF0000
#FF0000	0.087	0.68	191.1	191.1	FPR=0.015	BIC	max	FALSE	#FF0000
#FF0000	0.087	0.7	191.3	191.3	FPR=0.015	BIC	max	FALSE	#FF0000
#FF0000	0.087	0.72	191.11	191.11	FPR=0.015	BIC	max	FALSE	#FF0000
#FF0000	0.087	0.74	191.17	191.17	FPR=0.015	BIC	max	FALSE	#FF0000
#FF0000	0.074	0.4	192.2	192.2	FPR=0.015	BIC	max	FALSE	#FF0000
#FF0000	0.074	0.42	209.1	209.1	FPR=0.015	BIC	max	FALSE	#FF0000
#FF0000	0.074	0.44	212.1	212.1	FPR=0.015	BIC	max	FALSE	#FF0000
#FF0000	0.074	0.46	224.17	224.17	FPR=0.015	BIC	max	FALSE	#FF0000
#FF0000	0.074	0.48	239.17	239.17	FPR=0.015	BIC	max	FALSE	#FF0000
#FF0000	0.074	0.5	244.2	244.2	FPR=0.015	BIC	max	FALSE	#FF0000
#FF0000	0.074	0.52	244.17	244.17	FPR=0.015	BIC	max	FALSE	#FF0000
#FF0000	0.074	0.54	247.4	247.4	FPR=0.015	BIC	max	FALSE	#FF0000
#FF0000	0.074	0.56	257.17	257.17	FPR=0.015	BIC	max	FALSE	#FF0000
#FF0000	0.074	0.58	260.17	260.17	FPR=0.015	BIC	max	FALSE	#FF0000
#FF0000	0.074	0.6	270.3	270.3	FPR=0.015	BIC	max	FALSE	#FF0000
#FF0000	0.074	0.62	277.11	277.11	FPR=0.015	BIC	max	FALSE	#FF0000
#FF0000	0.074	0.64	289.17	289.17	FPR=0.015	BIC	max	FALSE	#FF0000
#FF0000	0.074	0.66	299.17	299.17	FPR=0.015	BIC	max	FALSE	#FF0000
#FF0000	0.074	0.68	306.1	306.1	FPR=0.015	BIC	max	FALSE	#FF0000
#FF0000	0.074	0.7	310.11	310.11	FPR=0.015	BIC	max	FALSE	#FF0000
#FF0000	0.074	0.72	316.4	316.4	FPR=0.015	BIC	max	FALSE	#FF0000
#FF0000	0.074	0.74	331.4	331.4	FPR=0.015	BIC	max	FALSE	#FF0000
#FF0000	0.061	0.4	331.17	331.17	FPR=0.015	BIC	max	FALSE	#FF0000
#FF0000	0.061	0.42	356.11	356.11	FPR=0.015	BIC	max	FALSE	#FF0000
#FF0000	0.061	0.44	360.17	360.17	FPR=0.015	BIC	max	FALSE	#FF0000
#FF0000	0.061	0.46	375.4	375.4	FPR=0.015	BIC	max	FALSE	#FF0000
#FF0000	0.061	0.48	387.17	387.17	FPR=0.015	BIC	max	FALSE	#FF0000
#FF0000	0.061	0.5	400.11	400.11	FPR=0.015	BIC	max	FALSE	#FF0000
#FF0000	0.061	0.52	410.17	410.17	FPR=0.015	BIC	max	FALSE	#FF0000
#FF0000	0.061	0.54	419.11	419.11	FPR=0.015	BIC	max	FALSE	#FF0000
#FF0000	0.061	0.56	420.11	420.11	FPR=0.015	BIC	max	FALSE	#FF0000
#FF0000	0.061	0.58	431.17	431.17	FPR=0.015	BIC	max	FALSE	#FF0000
#FF0000	0.061	0.6	446.2	446.2	FPR=0.015	BIC	max	FALSE	#FF0000
#FF0000	0.061	0.62	472.1	472.1	FPR=0.015	BIC	max	FALSE	#FF0000
#FF0000	0.061	0.64	499.11	499.11	FPR=0.015	BIC	max	FALSE	#FF0000
#FF0000	0.061	0.66	505.17	505.17	FPR=0.015	BIC	max	FALSE	#FF0000
#FF0000	0.061	0.68	513.11	513.11	FPR=0.015	BIC	max	FALSE	#FF0000
#FF0000	0.061	0.7	522.11	522.11	FPR=0.015	BIC	max	FALSE	#FF0000
#FF0000	0.061	0.72	545.11	545.11	FPR=0.015	BIC	max	FALSE	#FF0000
#FF0000	0.061	0.74	545.17	545.17	FPR=0.015	BIC	max	FALSE	#FF0000
#FF0000	0.048	0.4	592.2	592.2	FPR=0.015	BIC	max	FALSE	#FF0000
#00BFFF	0.048	0.42	133.11	133.11	FPR=0.015	AIC	min	FALSE	#00BFFF
#00BFFF	0.048	0.44	358.1	358.1	FPR=0.015	AIC	min	FALSE	#00BFFF
#FF0000	0.048	0.46	550.4	550.4	FPR=0.015	BIC	min	FALSE	#FF0000
#FF0000	0.048	0.48	563.1	563.1	FPR=0.015	BIC	min	FALSE	#FF0000
#FF0000	0.1	0.4	17.17	17.17	FPR=0.020	BIC	max	FALSE	#FF0000
#FF0000	0.1	0.42	18.11	18.11	FPR=0.020	BIC	max	FALSE	#FF0000
#FF0000	0.1	0.44	22.17	22.17	FPR=0.020	BIC	max	FALSE	#FF0000
#FF0000	0.1	0.46	26.17	26.17	FPR=0.020	BIC	max	FALSE	#FF0000
#FF0000	0.1	0.48	46.17	46.17	FPR=0.020	BIC	max	FALSE	#FF0000
#FF0000	0.1	0.5	50.2	50.2	FPR=0.020	BIC	max	FALSE	#FF0000
#FF0000	0.1	0.52	50.11	50.11	FPR=0.020	BIC	max	FALSE	#FF0000
#FF0000	0.1	0.54	60.17	60.17	FPR=0.020	BIC	max	FALSE	#FF0000
#FF0000	0.1	0.56	89.2	89.2	FPR=0.020	BIC	max	FALSE	#FF0000
#FF0000	0.1	0.58	91.3	91.3	FPR=0.020	BIC	max	FALSE	#FF0000
#FF0000	0.1	0.6	102.17	102.17	FPR=0.020	BIC	max	FALSE	#FF0000
#FF0000	0.1	0.62	113.11	113.11	FPR=0.020	BIC	max	FALSE	#FF0000
#FF0000	0.1	0.64	113.17	113.17	FPR=0.020	BIC	max	FALSE	#FF0000
#FF0000	0.1	0.66	115.2	115.2	FPR=0.020	BIC	max	FALSE	#FF0000
#FF0000	0.1	0.68	127.17	127.17	FPR=0.020	BIC	max	FALSE	#FF0000
#FF0000	0.1	0.7	131.11	131.11	FPR=0.020	BIC	max	FALSE	#FF0000
#FF0000	0.1	0.72	145.2	145.2	FPR=0.020	BIC	max	FALSE	#FF0000
#FF0000	0.1	0.74	169.17	169.17	FPR=0.020	BIC	max	FALSE	#FF0000
#FF0000	0.087	0.4	191.3	191.3	FPR=0.020	BIC	max	FALSE	#FF0000
#FF0000	0.087	0.42	191.17	191.17	FPR=0.020	BIC	max	FALSE	#FF0000
#FF0000	0.087	0.44	194.17	194.17	FPR=0.020	BIC	max	FALSE	#FF0000
#FF0000	0.087	0.46	201.17	201.17	FPR=0.020	BIC	max	FALSE	#FF0000
#FF0000	0.087	0.48	232.17	232.17	FPR=0.020	BIC	max	FALSE	#FF0000
#FF0000	0.087	0.5	233.17	233.17	FPR=0.020	BIC	max	FALSE	#FF0000
#FF0000	0.087	0.52	252.4	252.4	FPR=0.020	BIC	max	FALSE	#FF0000
#FF0000	0.087	0.54	254.17	254.17	FPR=0.020	BIC	max	FALSE	#FF0000
#FF0000	0.087	0.56	269.11	269.11	FPR=0.020	BIC	max	FALSE	#FF0000
#FF0000	0.087	0.58	276.1	276.1	FPR=0.020	BIC	max	FALSE	#FF0000
#FF0000	0.087	0.6	311.11	311.11	FPR=0.020	BIC	max	FALSE	#FF0000
#FF0000	0.087	0.62	316.2	316.2	FPR=0.020	BIC	max	FALSE	#FF0000
#FF0000	0.087	0.64	330.17	330.17	FPR=0.020	BIC	max	FALSE	#FF0000
#FF0000	0.087	0.66	332.17	332.17	FPR=0.020	BIC	max	FALSE	#FF0000
#FF0000	0.087	0.68	352.3	352.3	FPR=0.020	BIC	max	FALSE	#FF0000
#FF0000	0.087	0.7	375.4	375.4	FPR=0.020	BIC	max	FALSE	#FF0000
#FF0000	0.087	0.72	375.17	375.17	FPR=0.020	BIC	max	FALSE	#FF0000
#FF0000	0.087	0.74	420.1	420.1	FPR=0.020	BIC	max	FALSE	#FF0000
#00BFFF	0.074	0.4	162.11	162.11	FPR=0.020	AIC	min	FALSE	#00BFFF
#00BFFF	0.074	0.42	354.1	354.1	FPR=0.020	AIC	min	FALSE	#00BFFF
#00BFFF	0.074	0.44	506.1	506.1	FPR=0.020	AIC	min	FALSE	#00BFFF
#FF0000	0.074	0.46	563.2	563.2	FPR=0.020	BIC	min	FALSE	#FF0000
#FF0000	0.074	0.48	563.11	563.11	FPR=0.020	BIC	min	FALSE	#FF0000
#FF0000	0.074	0.5	565.1	565.1	FPR=0.020	BIC	min	FALSE	#FF0000
#FF0000	0.1	0.4	5.11	5.11	FPR=0.030	BIC	max	FALSE	#FF0000
#FF0000	0.1	0.42	8.2	8.2	FPR=0.030	BIC	max	FALSE	#FF0000
#FF0000	0.1	0.44	11.4	11.4	FPR=0.030	BIC	max	FALSE	#FF0000
#FF0000	0.1	0.46	17.11	17.11	FPR=0.030	BIC	max	FALSE	#FF0000
#FF0000	0.1	0.48	26.11	26.11	FPR=0.030	BIC	max	FALSE	#FF0000
#FF0000	0.1	0.5	28.17	28.17	FPR=0.030	BIC	max	FALSE	#FF0000
#FF0000	0.1	0.52	46.3	46.3	FPR=0.030	BIC	max	FALSE	#FF0000
#FF0000	0.1	0.54	61.2	61.2	FPR=0.030	BIC	max	FALSE	#FF0000
#FF0000	0.1	0.56	92.11	92.11	FPR=0.030	BIC	max	FALSE	#FF0000
#FF0000	0.1	0.58	113.1	113.1	FPR=0.030	BIC	max	FALSE	#FF0000
#FF0000	0.1	0.6	115.4	115.4	FPR=0.030	BIC	max	FALSE	#FF0000
#FF0000	0.1	0.62	121.17	121.17	FPR=0.030	BIC	max	FALSE	#FF0000
#FF0000	0.1	0.64	147.17	147.17	FPR=0.030	BIC	max	FALSE	#FF0000
#FF0000	0.1	0.66	167.4	167.4	FPR=0.030	BIC	max	FALSE	#FF0000
#FF0000	0.1	0.68	173.11	173.11	FPR=0.030	BIC	max	FALSE	#FF0000
#FF0000	0.1	0.7	182.17	182.17	FPR=0.030	BIC	max	FALSE	#FF0000
#FF0000	0.1	0.72	192.1	192.1	FPR=0.030	BIC	max	FALSE	#FF0000
#FF0000	0.1	0.74	194.4	194.4	FPR=0.030	BIC	max	FALSE	#FF0000
#FF0000	0.087	0.4	270.17	270.17	FPR=0.030	BIC	max	FALSE	#FF0000
#FF0000	0.087	0.42	289.3	289.3	FPR=0.030	BIC	max	FALSE	#FF0000
#FF0000	0.087	0.44	291.17	291.17	FPR=0.030	BIC	max	FALSE	#FF0000
#FF0000	0.087	0.46	318.17	318.17	FPR=0.030	BIC	max	FALSE	#FF0000
#FF0000	0.087	0.48	324.11	324.11	FPR=0.030	BIC	max	FALSE	#FF0000
#FF0000	0.087	0.5	324.17	324.17	FPR=0.030	BIC	max	FALSE	#FF0000
#FF0000	0.087	0.52	327.17	327.17	FPR=0.030	BIC	max	FALSE	#FF0000
#FF0000	0.087	0.54	336.17	336.17	FPR=0.030	BIC	max	FALSE	#FF0000
#FF0000	0.087	0.56	356.17	356.17	FPR=0.030	BIC	max	FALSE	#FF0000
#FF0000	0.087	0.58	371.1	371.1	FPR=0.030	BIC	max	FALSE	#FF0000
#FF0000	0.087	0.6	382.2	382.2	FPR=0.030	BIC	max	FALSE	#FF0000
#FF0000	0.087	0.62	400.2	400.2	FPR=0.030	BIC	max	FALSE	#FF0000
#FF0000	0.087	0.64	412.4	412.4	FPR=0.030	BIC	max	FALSE	#FF0000
#FF0000	0.087	0.66	420.17	420.17	FPR=0.030	BIC	max	FALSE	#FF0000
#FF0000	0.087	0.68	429.11	429.11	FPR=0.030	BIC	max	FALSE	#FF0000
#FF0000	0.087	0.7	446.3	446.3	FPR=0.030	BIC	max	FALSE	#FF0000
#FF0000	0.087	0.72	446.17	446.17	FPR=0.030	BIC	max	FALSE	#FF0000
#FF0000	0.087	0.74	454.2	454.2	FPR=0.030	BIC	max	FALSE	#FF0000
#FF0000	0.074	0.4	464.2	464.2	FPR=0.030	BIC	max	FALSE	#FF0000
#FF0000	0.074	0.42	479.11	479.11	FPR=0.030	BIC	max	FALSE	#FF0000
#FF0000	0.074	0.44	499.17	499.17	FPR=0.030	BIC	max	FALSE	#FF0000
#FF0000	0.074	0.46	503.2	503.2	FPR=0.030	BIC	max	FALSE	#FF0000
#FF0000	0.074	0.48	544.2	544.2	FPR=0.030	BIC	max	FALSE	#FF0000
#FF0000	0.074	0.5	544.17	544.17	FPR=0.030	BIC	max	FALSE	#FF0000
#00BFFF	0.074	0.52	17.1	17.1	FPR=0.030	AIC	min	FALSE	#00BFFF
#00BFFF	0.074	0.54	57.1	57.1	FPR=0.030	AIC	min	FALSE	#00BFFF
#00BFFF	0.074	0.56	75.1	75.1	FPR=0.030	AIC	min	FALSE	#00BFFF
#00BFFF	0.074	0.58	208.11	208.11	FPR=0.030	AIC	min	FALSE	#00BFFF
#FF0000	0.074	0.6	229.17	229.17	FPR=0.030	BIC	min	FALSE	#FF0000
#00BFFF	0.074	0.62	325.1	325.1	FPR=0.030	AIC	min	FALSE	#00BFFF
#00BFFF	0.074	0.64	332.4	332.4	FPR=0.030	AIC	min	FALSE	#00BFFF
#00BFFF	0.074	0.66	341.4	341.4	FPR=0.030	AIC	min	FALSE	#00BFFF
#00BFFF	0.074	0.68	346.1	346.1	FPR=0.030	AIC	min	FALSE	#00BFFF
#00BFFF	0.074	0.7	483.2	483.2	FPR=0.030	AIC	min	FALSE	#00BFFF
#FF0000	0.074	0.72	501.2	501.2	FPR=0.030	BIC	min	FALSE	#FF0000
#FF0000	0.074	0.74	524.4	524.4	FPR=0.030	BIC	min	FALSE	#FF0000
#FF0000	0.061	0.4	541.1	541.1	FPR=0.030	BIC	min	FALSE	#FF0000
#FF0000	0.061	0.42	543.2	543.2	FPR=0.030	BIC	min	FALSE	#FF0000
#FF0000	0.061	0.44	550.11	550.11	FPR=0.030	BIC	min	FALSE	#FF0000
#FF0000	0.061	0.46	558.2	558.2	FPR=0.030	BIC	min	FALSE	#FF0000
#FF0000	0.061	0.48	565.2	565.2	FPR=0.030	BIC	min	FALSE	#FF0000
#FF0000	0.061	0.5	585.1	585.1	FPR=0.030	BIC	min	FALSE	#FF0000
#FF0000	0.1	0.4	4.11	4.11	FPR=0.040	BIC	max	FALSE	#FF0000
#FF0000	0.1	0.42	11.4	11.4	FPR=0.040	BIC	max	FALSE	#FF0000
#FF0000	0.1	0.44	17.11	17.11	FPR=0.040	BIC	max	FALSE	#FF0000
#FF0000	0.1	0.46	46.3	46.3	FPR=0.040	BIC	max	FALSE	#FF0000
#FF0000	0.1	0.48	87.11	87.11	FPR=0.040	BIC	max	FALSE	#FF0000
#FF0000	0.1	0.5	88.2	88.2	FPR=0.040	BIC	max	FALSE	#FF0000
#FF0000	0.1	0.52	92.11	92.11	FPR=0.040	BIC	max	FALSE	#FF0000
#FF0000	0.1	0.54	96.17	96.17	FPR=0.040	BIC	max	FALSE	#FF0000
#FF0000	0.1	0.56	123.4	123.4	FPR=0.040	BIC	max	FALSE	#FF0000
#FF0000	0.1	0.58	139.3	139.3	FPR=0.040	BIC	max	FALSE	#FF0000
#FF0000	0.1	0.6	139.17	139.17	FPR=0.040	BIC	max	FALSE	#FF0000
#FF0000	0.1	0.62	147.17	147.17	FPR=0.040	BIC	max	FALSE	#FF0000
#FF0000	0.1	0.64	153.4	153.4	FPR=0.040	BIC	max	FALSE	#FF0000
#FF0000	0.1	0.66	172.3	172.3	FPR=0.040	BIC	max	FALSE	#FF0000
#FF0000	0.1	0.68	172.17	172.17	FPR=0.040	BIC	max	FALSE	#FF0000
#FF0000	0.1	0.7	180.17	180.17	FPR=0.040	BIC	max	FALSE	#FF0000
#FF0000	0.1	0.72	182.11	182.11	FPR=0.040	BIC	max	FALSE	#FF0000
#FF0000	0.1	0.74	182.17	182.17	FPR=0.040	BIC	max	FALSE	#FF0000
#FF0000	0.087	0.4	226.17	226.17	FPR=0.040	BIC	max	FALSE	#FF0000
#FF0000	0.087	0.42	227.4	227.4	FPR=0.040	BIC	max	FALSE	#FF0000
#FF0000	0.087	0.44	228.17	228.17	FPR=0.040	BIC	max	FALSE	#FF0000
#FF0000	0.087	0.46	252.17	252.17	FPR=0.040	BIC	max	FALSE	#FF0000
#FF0000	0.087	0.48	270.17	270.17	FPR=0.040	BIC	max	FALSE	#FF0000
#FF0000	0.087	0.5	289.3	289.3	FPR=0.040	BIC	max	FALSE	#FF0000
#FF0000	0.087	0.52	302.17	302.17	FPR=0.040	BIC	max	FALSE	#FF0000
#FF0000	0.087	0.54	305.17	305.17	FPR=0.040	BIC	max	FALSE	#FF0000
#FF0000	0.087	0.56	318.17	318.17	FPR=0.040	BIC	max	FALSE	#FF0000
#FF0000	0.087	0.58	349.2	349.2	FPR=0.040	BIC	max	FALSE	#FF0000
#FF0000	0.087	0.6	349.17	349.17	FPR=0.040	BIC	max	FALSE	#FF0000
#FF0000	0.087	0.62	371.17	371.17	FPR=0.040	BIC	max	FALSE	#FF0000
#FF0000	0.087	0.64	382.11	382.11	FPR=0.040	BIC	max	FALSE	#FF0000
#FF0000	0.087	0.66	412.4	412.4	FPR=0.040	BIC	max	FALSE	#FF0000
#FF0000	0.087	0.68	470.17	470.17	FPR=0.040	BIC	max	FALSE	#FF0000
#FF0000	0.087	0.7	504.17	504.17	FPR=0.040	BIC	max	FALSE	#FF0000
#FF0000	0.087	0.72	522.4	522.4	FPR=0.040	BIC	max	FALSE	#FF0000
#FF0000	0.087	0.74	592.17	592.17	FPR=0.040	BIC	max	FALSE	#FF0000
#FF0000	0.074	0.4	603.4	603.4	FPR=0.040	BIC	max	FALSE	#FF0000
#FF0000	0.074	0.42	603.17	603.17	FPR=0.040	BIC	max	FALSE	#FF0000
#00BFFF	0.074	0.44	11.11	11.11	FPR=0.040	AIC	min	FALSE	#00BFFF
#00BFFF	0.074	0.46	40.4	40.4	FPR=0.040	AIC	min	FALSE	#00BFFF
#00BFFF	0.074	0.48	315.1	315.1	FPR=0.040	AIC	min	FALSE	#00BFFF
#00BFFF	0.074	0.5	332.4	332.4	FPR=0.040	AIC	min	FALSE	#00BFFF
#00BFFF	0.074	0.52	417.1	417.1	FPR=0.040	AIC	min	FALSE	#00BFFF
#00BFFF	0.074	0.54	486.1	486.1	FPR=0.040	AIC	min	FALSE	#00BFFF
#FF0000	0.074	0.56	524.1	524.1	FPR=0.040	BIC	min	FALSE	#FF0000
#FF0000	0.074	0.58	539.3	539.3	FPR=0.040	BIC	min	FALSE	#FF0000
#FF0000	0.074	0.6	543.11	543.11	FPR=0.040	BIC	min	FALSE	#FF0000
#FF0000	0.074	0.62	550.2	550.2	FPR=0.040	BIC	min	FALSE	#FF0000
#FF0000	0.074	0.64	552.3	552.3	FPR=0.040	BIC	min	FALSE	#FF0000
#FF0000	0.074	0.66	558.11	558.11	FPR=0.040	BIC	min	FALSE	#FF0000
#FF0000	0.074	0.68	583.1	583.1	FPR=0.040	BIC	min	FALSE	#FF0000
#00BFFF	0.074	0.7	589.1	589.1	FPR=0.040	AIC	min	FALSE	#00BFFF
#FF0000	0.074	0.72	598.1	598.1	FPR=0.040	BIC	min	FALSE	#FF0000
#00BFFF	0.074	0.74	601.1	601.1	FPR=0.040	AIC	min	FALSE	#00BFFF
#FF0000	0.1	0.4	4.11	4.11	FPR=0.048	BIC	max	FALSE	#FF0000
#FF0000	0.1	0.42	5.17	5.17	FPR=0.048	BIC	max	FALSE	#FF0000
#FF0000	0.1	0.44	28.11	28.11	FPR=0.048	BIC	max	FALSE	#FF0000
#FF0000	0.1	0.46	46.3	46.3	FPR=0.048	BIC	max	FALSE	#FF0000
#FF0000	0.1	0.48	61.17	61.17	FPR=0.048	BIC	max	FALSE	#FF0000
#FF0000	0.1	0.5	87.11	87.11	FPR=0.048	BIC	max	FALSE	#FF0000
#FF0000	0.1	0.52	89.17	89.17	FPR=0.048	BIC	max	FALSE	#FF0000
#FF0000	0.1	0.54	96.17	96.17	FPR=0.048	BIC	max	FALSE	#FF0000
#FF0000	0.1	0.56	123.4	123.4	FPR=0.048	BIC	max	FALSE	#FF0000
#FF0000	0.1	0.58	139.3	139.3	FPR=0.048	BIC	max	FALSE	#FF0000
#FF0000	0.1	0.6	139.17	139.17	FPR=0.048	BIC	max	FALSE	#FF0000
#FF0000	0.1	0.62	140.2	140.2	FPR=0.048	BIC	max	FALSE	#FF0000
#FF0000	0.1	0.64	153.4	153.4	FPR=0.048	BIC	max	FALSE	#FF0000
#FF0000	0.1	0.66	153.17	153.17	FPR=0.048	BIC	max	FALSE	#FF0000
#FF0000	0.1	0.68	172.17	172.17	FPR=0.048	BIC	max	FALSE	#FF0000
#FF0000	0.1	0.7	173.4	173.4	FPR=0.048	BIC	max	FALSE	#FF0000
#FF0000	0.1	0.72	180.17	180.17	FPR=0.048	BIC	max	FALSE	#FF0000
#FF0000	0.1	0.74	182.11	182.11	FPR=0.048	BIC	max	FALSE	#FF0000
#FF0000	0.087	0.4	215.4	215.4	FPR=0.048	BIC	max	FALSE	#FF0000
#FF0000	0.087	0.42	226.17	226.17	FPR=0.048	BIC	max	FALSE	#FF0000
#FF0000	0.087	0.44	227.4	227.4	FPR=0.048	BIC	max	FALSE	#FF0000
#FF0000	0.087	0.46	228.17	228.17	FPR=0.048	BIC	max	FALSE	#FF0000
#FF0000	0.087	0.48	234.4	234.4	FPR=0.048	BIC	max	FALSE	#FF0000
#FF0000	0.087	0.5	248.17	248.17	FPR=0.048	BIC	max	FALSE	#FF0000
#FF0000	0.087	0.52	252.17	252.17	FPR=0.048	BIC	max	FALSE	#FF0000
#FF0000	0.087	0.54	258.2	258.2	FPR=0.048	BIC	max	FALSE	#FF0000
#FF0000	0.087	0.56	270.17	270.17	FPR=0.048	BIC	max	FALSE	#FF0000
#FF0000	0.087	0.58	302.17	302.17	FPR=0.048	BIC	max	FALSE	#FF0000
#FF0000	0.087	0.6	305.17	305.17	FPR=0.048	BIC	max	FALSE	#FF0000
#FF0000	0.087	0.62	349.2	349.2	FPR=0.048	BIC	max	FALSE	#FF0000
#FF0000	0.087	0.64	349.17	349.17	FPR=0.048	BIC	max	FALSE	#FF0000
#FF0000	0.087	0.66	371.17	371.17	FPR=0.048	BIC	max	FALSE	#FF0000
#FF0000	0.087	0.68	380.11	380.11	FPR=0.048	BIC	max	FALSE	#FF0000
#FF0000	0.087	0.7	382.11	382.11	FPR=0.048	BIC	max	FALSE	#FF0000
#FF0000	0.087	0.72	429.2	429.2	FPR=0.048	BIC	max	FALSE	#FF0000
#FF0000	0.087	0.74	433.2	433.2	FPR=0.048	BIC	max	FALSE	#FF0000
#FF0000	0.074	0.4	457.17	457.17	FPR=0.048	BIC	max	FALSE	#FF0000
#FF0000	0.074	0.42	470.17	470.17	FPR=0.048	BIC	max	FALSE	#FF0000
#FF0000	0.074	0.44	504.17	504.17	FPR=0.048	BIC	max	FALSE	#FF0000
#FF0000	0.074	0.46	587.1	587.1	FPR=0.048	BIC	max	FALSE	#FF0000
#FF0000	0.074	0.48	603.4	603.4	FPR=0.048	BIC	max	FALSE	#FF0000
#00BFFF	0.074	0.5	11.11	11.11	FPR=0.048	AIC	min	FALSE	#00BFFF
#00BFFF	0.074	0.52	40.4	40.4	FPR=0.048	AIC	min	FALSE	#00BFFF
#00BFFF	0.074	0.54	99.1	99.1	FPR=0.048	AIC	min	FALSE	#00BFFF
#00BFFF	0.074	0.56	112.2	112.2	FPR=0.048	AIC	min	FALSE	#00BFFF
#00BFFF	0.074	0.58	116.1	116.1	FPR=0.048	AIC	min	FALSE	#00BFFF
#00BFFF	0.074	0.6	283.1	283.1	FPR=0.048	AIC	min	FALSE	#00BFFF
#00BFFF	0.074	0.62	305.1	305.1	FPR=0.048	AIC	min	FALSE	#00BFFF
#00BFFF	0.074	0.64	332.4	332.4	FPR=0.048	AIC	min	FALSE	#00BFFF
#00BFFF	0.074	0.66	421.1	421.1	FPR=0.048	AIC	min	FALSE	#00BFFF
#00BFFF	0.074	0.68	447.1	447.1	FPR=0.048	AIC	min	FALSE	#00BFFF
#00BFFF	0.074	0.7	483.1	483.1	FPR=0.048	AIC	min	FALSE	#00BFFF
#FF0000	0.074	0.72	501.1	501.1	FPR=0.048	BIC	min	FALSE	#FF0000
#FF0000	0.074	0.74	540.3	540.3	FPR=0.048	BIC	min	FALSE	#FF0000
#FF0000	0.061	0.4	541.2	541.2	FPR=0.048	BIC	min	FALSE	#FF0000
#FF0000	0.061	0.42	542.3	542.3	FPR=0.048	BIC	min	FALSE	#FF0000
#FF0000	0.061	0.44	543.1	543.1	FPR=0.048	BIC	min	FALSE	#FF0000
#FF0000	0.061	0.46	548.3	548.3	FPR=0.048	BIC	min	FALSE	#FF0000
#FF0000	0.061	0.48	552.1	552.1	FPR=0.048	BIC	min	FALSE	#FF0000
#FF0000	0.061	0.5	553.1	553.1	FPR=0.048	BIC	min	FALSE	#FF0000
#FF0000	0.061	0.52	558.1	558.1	FPR=0.048	BIC	min	FALSE	#FF0000
#FF0000	0.061	0.54	559.2	559.2	FPR=0.048	BIC	min	FALSE	#FF0000
#FF0000	0.061	0.56	560.1	560.1	FPR=0.048	BIC	min	FALSE	#FF0000
#00BFFF	0.061	0.58	570.1	570.1	FPR=0.048	AIC	min	FALSE	#00BFFF
#FF0000	0.061	0.6	585.2	585.2	FPR=0.048	BIC	min	FALSE	#FF0000
#FF0000	0.1	0.4	28.11	28.11	FPR=0.061	BIC	max	FALSE	#FF0000
#FF0000	0.1	0.42	44.1	44.1	FPR=0.061	BIC	max	FALSE	#FF0000
#FF0000	0.1	0.44	61.17	61.17	FPR=0.061	BIC	max	FALSE	#FF0000
#FF0000	0.1	0.46	64.17	64.17	FPR=0.061	BIC	max	FALSE	#FF0000
#FF0000	0.1	0.48	72.17	72.17	FPR=0.061	BIC	max	FALSE	#FF0000
#FF0000	0.1	0.5	77.17	77.17	FPR=0.061	BIC	max	FALSE	#FF0000
#FF0000	0.1	0.52	84.17	84.17	FPR=0.061	BIC	max	FALSE	#FF0000
#FF0000	0.1	0.54	89.17	89.17	FPR=0.061	BIC	max	FALSE	#FF0000
#FF0000	0.1	0.56	153.17	153.17	FPR=0.061	BIC	max	FALSE	#FF0000
#FF0000	0.1	0.58	173.4	173.4	FPR=0.061	BIC	max	FALSE	#FF0000
#FF0000	0.1	0.6	180.17	180.17	FPR=0.061	BIC	max	FALSE	#FF0000
#FF0000	0.1	0.62	209.2	209.2	FPR=0.061	BIC	max	FALSE	#FF0000
#FF0000	0.1	0.64	215.4	215.4	FPR=0.061	BIC	max	FALSE	#FF0000
#FF0000	0.1	0.66	224.4	224.4	FPR=0.061	BIC	max	FALSE	#FF0000
#FF0000	0.1	0.68	227.4	227.4	FPR=0.061	BIC	max	FALSE	#FF0000
#FF0000	0.1	0.7	234.4	234.4	FPR=0.061	BIC	max	FALSE	#FF0000
#FF0000	0.1	0.72	252.11	252.11	FPR=0.061	BIC	max	FALSE	#FF0000
#FF0000	0.1	0.74	258.2	258.2	FPR=0.061	BIC	max	FALSE	#FF0000
#FF0000	0.087	0.4	318.11	318.11	FPR=0.061	BIC	max	FALSE	#FF0000
#FF0000	0.087	0.42	368.11	368.11	FPR=0.061	BIC	max	FALSE	#FF0000
#FF0000	0.087	0.44	380.11	380.11	FPR=0.061	BIC	max	FALSE	#FF0000
#FF0000	0.087	0.46	482.2	482.2	FPR=0.061	BIC	max	FALSE	#FF0000
#FF0000	0.087	0.48	482.11	482.11	FPR=0.061	BIC	max	FALSE	#FF0000
#FF0000	0.087	0.5	503.17	503.17	FPR=0.061	BIC	max	FALSE	#FF0000
#00BFFF	0.087	0.52	13.1	13.1	FPR=0.061	AIC	min	FALSE	#00BFFF
#00BFFF	0.087	0.54	52.11	52.11	FPR=0.061	AIC	min	FALSE	#00BFFF
#00BFFF	0.087	0.56	62.1	62.1	FPR=0.061	AIC	min	FALSE	#00BFFF
#00BFFF	0.087	0.58	142.1	142.1	FPR=0.061	AIC	min	FALSE	#00BFFF
#00BFFF	0.087	0.6	196.1	196.1	FPR=0.061	AIC	min	FALSE	#00BFFF
#00BFFF	0.087	0.62	215.3	215.3	FPR=0.061	AIC	min	FALSE	#00BFFF
#00BFFF	0.087	0.64	220.1	220.1	FPR=0.061	AIC	min	FALSE	#00BFFF
#FF0000	0.087	0.66	229.3	229.3	FPR=0.061	BIC	min	FALSE	#FF0000
#00BFFF	0.087	0.68	284.1	284.1	FPR=0.061	AIC	min	FALSE	#00BFFF
#00BFFF	0.087	0.7	297.1	297.1	FPR=0.061	AIC	min	FALSE	#00BFFF
#00BFFF	0.087	0.72	343.1	343.1	FPR=0.061	AIC	min	FALSE	#00BFFF
#00BFFF	0.087	0.74	373.1	373.1	FPR=0.061	AIC	min	FALSE	#00BFFF
#00BFFF	0.074	0.4	478.1	478.1	FPR=0.061	AIC	min	FALSE	#00BFFF
#FF0000	0.074	0.42	501.11	501.11	FPR=0.061	BIC	min	FALSE	#FF0000
#FF0000	0.074	0.44	524.2	524.2	FPR=0.061	BIC	min	FALSE	#FF0000
#FF0000	0.074	0.46	553.3	553.3	FPR=0.061	BIC	min	FALSE	#FF0000
#FF0000	0.074	0.48	553.17	553.17	FPR=0.061	BIC	min	FALSE	#FF0000
#FF0000	0.074	0.5	555.2	555.2	FPR=0.061	BIC	min	FALSE	#FF0000
#FF0000	0.074	0.52	560.3	560.3	FPR=0.061	BIC	min	FALSE	#FF0000
#FF0000	0.074	0.54	560.17	560.17	FPR=0.061	BIC	min	FALSE	#FF0000
#FF0000	0.074	0.56	565.4	565.4	FPR=0.061	BIC	min	FALSE	#FF0000
#FF0000	0.074	0.58	565.11	565.11	FPR=0.061	BIC	min	FALSE	#FF0000
#FF0000	0.074	0.6	584.2	584.2	FPR=0.061	BIC	min	FALSE	#FF0000
#FF0000	0.074	0.62	584.17	584.17	FPR=0.061	BIC	min	FALSE	#FF0000
#FF0000	0.1	0.4	54.4	54.4	FPR=0.080	BIC	max	FALSE	#FF0000
#FF0000	0.1	0.42	77.17	77.17	FPR=0.080	BIC	max	FALSE	#FF0000
#FF0000	0.1	0.44	113.4	113.4	FPR=0.080	BIC	max	FALSE	#FF0000
#FF0000	0.1	0.46	145.4	145.4	FPR=0.080	BIC	max	FALSE	#FF0000
#FF0000	0.1	0.48	168.3	168.3	FPR=0.080	BIC	max	FALSE	#FF0000
#FF0000	0.1	0.5	172.4	172.4	FPR=0.080	BIC	max	FALSE	#FF0000
#FF0000	0.1	0.52	297.17	297.17	FPR=0.080	BIC	max	FALSE	#FF0000
#FF0000	0.1	0.54	487.2	487.2	FPR=0.080	BIC	max	FALSE	#FF0000
#FF0000	0.1	0.56	516.2	516.2	FPR=0.080	BIC	max	FALSE	#FF0000
#FF0000	0.1	0.58	587.17	587.17	FPR=0.080	BIC	max	FALSE	#FF0000
#00BFFF	0.1	0.6	9.17	9.17	FPR=0.080	AIC	min	FALSE	#00BFFF
#00BFFF	0.1	0.62	47.4	47.4	FPR=0.080	AIC	min	FALSE	#00BFFF
#00BFFF	0.1	0.64	129.4	129.4	FPR=0.080	AIC	min	FALSE	#00BFFF
#00BFFF	0.1	0.66	218.11	218.11	FPR=0.080	AIC	min	FALSE	#00BFFF
#FF0000	0.1	0.68	229.2	229.2	FPR=0.080	BIC	min	FALSE	#FF0000
#00BFFF	0.1	0.7	239.1	239.1	FPR=0.080	AIC	min	FALSE	#00BFFF
#00BFFF	0.1	0.72	273.3	273.3	FPR=0.080	AIC	min	FALSE	#00BFFF
#00BFFF	0.1	0.74	287.3	287.3	FPR=0.080	AIC	min	FALSE	#00BFFF
#00BFFF	0.087	0.4	290.1	290.1	FPR=0.080	AIC	min	FALSE	#00BFFF
#00BFFF	0.087	0.42	291.1	291.1	FPR=0.080	AIC	min	FALSE	#00BFFF
#00BFFF	0.087	0.44	306.11	306.11	FPR=0.080	AIC	min	FALSE	#00BFFF
#00BFFF	0.087	0.46	307.17	307.17	FPR=0.080	AIC	min	FALSE	#00BFFF
#00BFFF	0.087	0.48	325.4	325.4	FPR=0.080	AIC	min	FALSE	#00BFFF
#00BFFF	0.087	0.5	341.17	341.17	FPR=0.080	AIC	min	FALSE	#00BFFF
#00BFFF	0.087	0.52	358.4	358.4	FPR=0.080	AIC	min	FALSE	#00BFFF
#00BFFF	0.087	0.54	362.1	362.1	FPR=0.080	AIC	min	FALSE	#00BFFF
#FF0000	0.087	0.56	442.1	442.1	FPR=0.080	BIC	min	FALSE	#FF0000
#00BFFF	0.087	0.58	445.17	445.17	FPR=0.080	AIC	min	FALSE	#00BFFF
#FF0000	0.087	0.6	539.1	539.1	FPR=0.080	BIC	min	FALSE	#FF0000
#FF0000	0.087	0.62	543.4	543.4	FPR=0.080	BIC	min	FALSE	#FF0000
#FF0000	0.087	0.64	550.3	550.3	FPR=0.080	BIC	min	FALSE	#FF0000
#FF0000	0.087	0.66	552.2	552.2	FPR=0.080	BIC	min	FALSE	#FF0000
#FF0000	0.087	0.68	553.4	553.4	FPR=0.080	BIC	min	FALSE	#FF0000
#FF0000	0.087	0.7	558.4	558.4	FPR=0.080	BIC	min	FALSE	#FF0000
#FF0000	0.087	0.72	560.4	560.4	FPR=0.080	BIC	min	FALSE	#FF0000
#FF0000	0.087	0.74	565.3	565.3	FPR=0.080	BIC	min	FALSE	#FF0000
#00BFFF	0.074	0.4	576.11	576.11	FPR=0.080	AIC	min	FALSE	#00BFFF
#FF0000	0.074	0.42	583.11	583.11	FPR=0.080	BIC	min	FALSE	#FF0000
#FF0000	0.074	0.44	584.1	584.1	FPR=0.080	BIC	min	FALSE	#FF0000
#FF0000	0.074	0.46	594.1	594.1	FPR=0.080	BIC	min	FALSE	#FF0000
#FF0000	0.074	0.48	594.3	594.3	FPR=0.080	BIC	min	FALSE	#FF0000
#FF0000	0.074	0.5	594.11	594.11	FPR=0.080	BIC	min	FALSE	#FF0000
#FF0000	0.074	0.52	598.2	598.2	FPR=0.080	BIC	min	FALSE	#FF0000
#FF0000	0.074	0.54	598.4	598.4	FPR=0.080	BIC	min	FALSE	#FF0000
#FF0000	0.1	0.4	113.4	113.4	FPR=0.100	BIC	max	FALSE	#FF0000
#FF0000	0.1	0.42	211.3	211.3	FPR=0.100	BIC	max	FALSE	#FF0000
#FF0000	0.1	0.44	211.11	211.11	FPR=0.100	BIC	max	FALSE	#FF0000
#FF0000	0.1	0.46	400.4	400.4	FPR=0.100	BIC	max	FALSE	#FF0000
#FF0000	0.1	0.48	440.3	440.3	FPR=0.100	BIC	max	FALSE	#FF0000
#00BFFF	0.1	0.5	11.3	11.3	FPR=0.100	AIC	min	FALSE	#00BFFF
#00BFFF	0.1	0.52	27.1	27.1	FPR=0.100	AIC	min	FALSE	#00BFFF
#00BFFF	0.1	0.54	70.17	70.17	FPR=0.100	AIC	min	FALSE	#00BFFF
#00BFFF	0.1	0.56	75.17	75.17	FPR=0.100	AIC	min	FALSE	#00BFFF
#00BFFF	0.1	0.58	118.11	118.11	FPR=0.100	AIC	min	FALSE	#00BFFF
#00BFFF	0.1	0.6	142.17	142.17	FPR=0.100	AIC	min	FALSE	#00BFFF
#00BFFF	0.1	0.62	196.17	196.17	FPR=0.100	AIC	min	FALSE	#00BFFF
#00BFFF	0.1	0.64	212.17	212.17	FPR=0.100	AIC	min	FALSE	#00BFFF
#00BFFF	0.1	0.66	218.11	218.11	FPR=0.100	AIC	min	FALSE	#00BFFF
#00BFFF	0.1	0.68	270.4	270.4	FPR=0.100	AIC	min	FALSE	#00BFFF
#00BFFF	0.1	0.7	306.4	306.4	FPR=0.100	AIC	min	FALSE	#00BFFF
#00BFFF	0.1	0.72	341.3	341.3	FPR=0.100	AIC	min	FALSE	#00BFFF
#00BFFF	0.1	0.74	341.11	341.11	FPR=0.100	AIC	min	FALSE	#00BFFF
#00BFFF	0.087	0.4	357.3	357.3	FPR=0.100	AIC	min	FALSE	#00BFFF
#00BFFF	0.087	0.42	357.17	357.17	FPR=0.100	AIC	min	FALSE	#00BFFF
#00BFFF	0.087	0.44	360.4	360.4	FPR=0.100	AIC	min	FALSE	#00BFFF
#00BFFF	0.087	0.46	362.17	362.17	FPR=0.100	AIC	min	FALSE	#00BFFF
#00BFFF	0.087	0.48	423.17	423.17	FPR=0.100	AIC	min	FALSE	#00BFFF
#00BFFF	0.087	0.5	492.17	492.17	FPR=0.100	AIC	min	FALSE	#00BFFF
#FF0000	0.087	0.52	501.3	501.3	FPR=0.100	BIC	min	FALSE	#FF0000
#00BFFF	0.087	0.54	504.4	504.4	FPR=0.100	AIC	min	FALSE	#00BFFF
#FF0000	0.087	0.56	507.1	507.1	FPR=0.100	BIC	min	FALSE	#FF0000
#FF0000	0.087	0.58	524.3	524.3	FPR=0.100	BIC	min	FALSE	#FF0000
#FF0000	0.087	0.6	539.4	539.4	FPR=0.100	BIC	min	FALSE	#FF0000
#FF0000	0.087	0.62	539.11	539.11	FPR=0.100	BIC	min	FALSE	#FF0000
#FF0000	0.087	0.64	540.4	540.4	FPR=0.100	BIC	min	FALSE	#FF0000
#FF0000	0.087	0.66	541.4	541.4	FPR=0.100	BIC	min	FALSE	#FF0000
#FF0000	0.087	0.68	541.11	541.11	FPR=0.100	BIC	min	FALSE	#FF0000
#FF0000	0.087	0.7	542.4	542.4	FPR=0.100	BIC	min	FALSE	#FF0000
#FF0000	0.087	0.72	543.4	543.4	FPR=0.100	BIC	min	FALSE	#FF0000
#FF0000	0.087	0.74	548.4	548.4	FPR=0.100	BIC	min	FALSE	#FF0000
#FF0000	0.074	0.4	552.11	552.11	FPR=0.100	BIC	min	FALSE	#FF0000
#FF0000	0.074	0.42	553.4	553.4	FPR=0.100	BIC	min	FALSE	#FF0000
#FF0000	0.074	0.44	558.4	558.4	FPR=0.100	BIC	min	FALSE	#FF0000
#FF0000	0.074	0.46	560.4	560.4	FPR=0.100	BIC	min	FALSE	#FF0000
#FF0000	0.074	0.48	584.1	584.1	FPR=0.100	BIC	min	FALSE	#FF0000
#FF0000	0.074	0.5	585.4	585.4	FPR=0.100	BIC	min	FALSE	#FF0000
#FF0000	0.074	0.52	585.11	585.11	FPR=0.100	BIC	min	FALSE	#FF0000
#FF0000	0.074	0.54	598.4	598.4	FPR=0.100	BIC	min	FALSE	#FF0000
#FF0000	0.074	0.56	598.11	598.11	FPR=0.100	BIC	min	FALSE	#FF0000
#FF0000	0.1	0.4	4.17	4.17	TPR=0.400	BIC	max	FALSE	#FF0000
#FF0000	0.1	0.42	46.11	46.11	TPR=0.400	BIC	max	FALSE	#FF0000
#FF0000	0.1	0.44	60.11	60.11	TPR=0.400	BIC	max	FALSE	#FF0000
#00BFFF	0.1	0.46	94.3	94.3	TPR=0.400	AIC	max	FALSE	#00BFFF
#00BFFF	0.1	0.48	121.1	121.1	TPR=0.400	AIC	max	FALSE	#00BFFF
#FF0000	0.1	0.5	123.17	123.17	TPR=0.400	BIC	max	FALSE	#FF0000
#00BFFF	0.1	0.52	144.2	144.2	TPR=0.400	AIC	max	FALSE	#00BFFF
#FF0000	0.1	0.54	201.11	201.11	TPR=0.400	BIC	max	FALSE	#FF0000
#FF0000	0.1	0.56	224.11	224.11	TPR=0.400	BIC	max	FALSE	#FF0000
#00BFFF	0.1	0.58	247.3	247.3	TPR=0.400	AIC	max	FALSE	#00BFFF
#00BFFF	0.1	0.6	349.1	349.1	TPR=0.400	AIC	max	FALSE	#00BFFF
#00BFFF	0.1	0.62	362.2	362.2	TPR=0.400	AIC	max	FALSE	#00BFFF
#FF0000	0.1	0.64	501.4	501.4	TPR=0.400	BIC	min	FALSE	#FF0000
#FF0000	0.1	0.66	508.1	508.1	TPR=0.400	BIC	min	FALSE	#FF0000
#FF0000	0.1	0.68	508.4	508.4	TPR=0.400	BIC	min	FALSE	#FF0000
#FF0000	0.1	0.7	512.2	512.2	TPR=0.400	BIC	min	FALSE	#FF0000
#FF0000	0.1	0.72	512.17	512.17	TPR=0.400	BIC	min	FALSE	#FF0000
#FF0000	0.1	0.74	520.2	520.2	TPR=0.400	BIC	min	FALSE	#FF0000
#FF0000	0.087	0.4	520.4	520.4	TPR=0.400	BIC	min	FALSE	#FF0000
#FF0000	0.087	0.42	550.1	550.1	TPR=0.400	BIC	min	FALSE	#FF0000
#FF0000	0.087	0.44	557.2	557.2	TPR=0.400	BIC	min	FALSE	#FF0000
#FF0000	0.087	0.46	559.1	559.1	TPR=0.400	BIC	min	FALSE	#FF0000
#FF0000	0.087	0.48	590.2	590.2	TPR=0.400	BIC	min	FALSE	#FF0000
#FF0000	0.087	0.5	591.1	591.1	TPR=0.400	BIC	min	FALSE	#FF0000
#FF0000	0.087	0.52	591.4	591.4	TPR=0.400	BIC	min	FALSE	#FF0000
#FF0000	0.087	0.54	593.3	593.3	TPR=0.400	BIC	min	FALSE	#FF0000
#FF0000	0.087	0.56	593.17	593.17	TPR=0.400	BIC	min	FALSE	#FF0000
#FF0000	0.087	0.58	599.3	599.3	TPR=0.400	BIC	min	FALSE	#FF0000
#FF0000	0.087	0.6	599.11	599.11	TPR=0.400	BIC	min	FALSE	#FF0000
#00BFFF	0.1	0.4	64.1	64.1	TPR=0.450	AIC	max	FALSE	#00BFFF
#FF0000	0.1	0.42	108.11	108.11	TPR=0.450	BIC	max	FALSE	#FF0000
#FF0000	0.1	0.44	108.17	108.17	TPR=0.450	BIC	max	FALSE	#FF0000
#FF0000	0.1	0.46	115.11	115.11	TPR=0.450	BIC	max	FALSE	#FF0000
#00BFFF	0.1	0.48	226.1	226.1	TPR=0.450	AIC	max	FALSE	#00BFFF
#00BFFF	0.1	0.5	235.2	235.2	TPR=0.450	AIC	max	FALSE	#00BFFF
#00BFFF	0.1	0.52	277.2	277.2	TPR=0.450	AIC	max	FALSE	#00BFFF
#FF0000	0.1	0.54	352.11	352.11	TPR=0.450	BIC	max	FALSE	#FF0000
#FF0000	0.1	0.56	501.4	501.4	TPR=0.450	BIC	min	FALSE	#FF0000
#FF0000	0.1	0.58	508.1	508.1	TPR=0.450	BIC	min	FALSE	#FF0000
#FF0000	0.1	0.6	508.4	508.4	TPR=0.450	BIC	min	FALSE	#FF0000
#FF0000	0.1	0.62	512.2	512.2	TPR=0.450	BIC	min	FALSE	#FF0000
#FF0000	0.1	0.64	520.2	520.2	TPR=0.450	BIC	min	FALSE	#FF0000
#FF0000	0.1	0.66	520.4	520.4	TPR=0.450	BIC	min	FALSE	#FF0000
#FF0000	0.1	0.68	546.11	546.11	TPR=0.450	BIC	min	FALSE	#FF0000
#FF0000	0.1	0.7	550.1	550.1	TPR=0.450	BIC	min	FALSE	#FF0000
#FF0000	0.1	0.72	557.2	557.2	TPR=0.450	BIC	min	FALSE	#FF0000
#FF0000	0.1	0.74	557.3	557.3	TPR=0.450	BIC	min	FALSE	#FF0000
#FF0000	0.087	0.4	559.1	559.1	TPR=0.450	BIC	min	FALSE	#FF0000
#FF0000	0.087	0.42	559.4	559.4	TPR=0.450	BIC	min	FALSE	#FF0000
#FF0000	0.087	0.44	559.17	559.17	TPR=0.450	BIC	min	FALSE	#FF0000
#FF0000	0.087	0.46	563.17	563.17	TPR=0.450	BIC	min	FALSE	#FF0000
#FF0000	0.087	0.48	591.1	591.1	TPR=0.450	BIC	min	FALSE	#FF0000
#FF0000	0.087	0.5	591.4	591.4	TPR=0.450	BIC	min	FALSE	#FF0000
#FF0000	0.087	0.52	593.3	593.3	TPR=0.450	BIC	min	FALSE	#FF0000
#FF0000	0.087	0.54	593.17	593.17	TPR=0.450	BIC	min	FALSE	#FF0000
#FF0000	0.087	0.56	599.2	599.2	TPR=0.450	BIC	min	FALSE	#FF0000
#FF0000	0.087	0.58	599.3	599.3	TPR=0.450	BIC	min	FALSE	#FF0000
#FF0000	0.087	0.6	599.11	599.11	TPR=0.450	BIC	min	FALSE	#FF0000
#00BFFF	0.1	0.4	12.2	12.2	TPR=0.500	AIC	max	FALSE	#00BFFF
#00BFFF	0.1	0.42	40.1	40.1	TPR=0.500	AIC	max	FALSE	#00BFFF
#00BFFF	0.1	0.44	114.2	114.2	TPR=0.500	AIC	max	FALSE	#00BFFF
#FF0000	0.1	0.46	115.17	115.17	TPR=0.500	BIC	max	FALSE	#FF0000
#FF0000	0.1	0.48	145.17	145.17	TPR=0.500	BIC	max	FALSE	#FF0000
#FF0000	0.1	0.5	188.11	188.11	TPR=0.500	BIC	max	FALSE	#FF0000
#FF0000	0.1	0.52	215.17	215.17	TPR=0.500	BIC	max	FALSE	#FF0000
#FF0000	0.1	0.54	310.17	310.17	TPR=0.500	BIC	max	FALSE	#FF0000
#00BFFF	0.1	0.56	446.11	446.11	TPR=0.500	AIC	max	FALSE	#00BFFF
#FF0000	0.1	0.58	503.11	503.11	TPR=0.500	BIC	max	FALSE	#FF0000
#00BFFF	0.1	0.6	522.3	522.3	TPR=0.500	AIC	max	FALSE	#00BFFF
#00BFFF	0.1	0.62	537.1	537.1	TPR=0.500	AIC	max	FALSE	#00BFFF
#FF0000	0.1	0.64	512.2	512.2	TPR=0.500	BIC	min	FALSE	#FF0000
#FF0000	0.1	0.66	520.2	520.2	TPR=0.500	BIC	min	FALSE	#FF0000
#FF0000	0.1	0.68	546.11	546.11	TPR=0.500	BIC	min	FALSE	#FF0000
#FF0000	0.1	0.7	547.4	547.4	TPR=0.500	BIC	min	FALSE	#FF0000
#FF0000	0.1	0.72	557.2	557.2	TPR=0.500	BIC	min	FALSE	#FF0000
#FF0000	0.1	0.74	557.3	557.3	TPR=0.500	BIC	min	FALSE	#FF0000
#FF0000	0.087	0.4	559.4	559.4	TPR=0.500	BIC	min	FALSE	#FF0000
#FF0000	0.087	0.42	559.17	559.17	TPR=0.500	BIC	min	FALSE	#FF0000
#FF0000	0.087	0.44	563.4	563.4	TPR=0.500	BIC	min	FALSE	#FF0000
#FF0000	0.087	0.46	563.17	563.17	TPR=0.500	BIC	min	FALSE	#FF0000
#FF0000	0.087	0.48	593.3	593.3	TPR=0.500	BIC	min	FALSE	#FF0000
#FF0000	0.087	0.5	599.2	599.2	TPR=0.500	BIC	min	FALSE	#FF0000
#FF0000	0.087	0.52	599.3	599.3	TPR=0.500	BIC	min	FALSE	#FF0000
#FF0000	0.087	0.54	599.11	599.11	TPR=0.500	BIC	min	FALSE	#FF0000
#FF0000	0.1	0.4	18.17	18.17	TPR=0.550	BIC	max	FALSE	#FF0000
#00BFFF	0.1	0.42	40.1	40.1	TPR=0.550	AIC	max	FALSE	#00BFFF
#00BFFF	0.1	0.44	81.2	81.2	TPR=0.550	AIC	max	FALSE	#00BFFF
#00BFFF	0.1	0.46	121.2	121.2	TPR=0.550	AIC	max	FALSE	#00BFFF
#FF0000	0.1	0.48	149.11	149.11	TPR=0.550	BIC	max	FALSE	#FF0000
#FF0000	0.1	0.5	162.3	162.3	TPR=0.550	BIC	max	FALSE	#FF0000
#FF0000	0.1	0.52	162.17	162.17	TPR=0.550	BIC	max	FALSE	#FF0000
#FF0000	0.1	0.54	289.17	289.17	TPR=0.550	BIC	max	FALSE	#FF0000
#00BFFF	0.1	0.56	294.1	294.1	TPR=0.550	AIC	max	FALSE	#00BFFF
#FF0000	0.1	0.58	331.17	331.17	TPR=0.550	BIC	max	FALSE	#FF0000
#FF0000	0.1	0.6	360.17	360.17	TPR=0.550	BIC	max	FALSE	#FF0000
#00BFFF	0.1	0.62	419.2	419.2	TPR=0.550	AIC	max	FALSE	#00BFFF
#00BFFF	0.1	0.64	537.1	537.1	TPR=0.550	AIC	max	FALSE	#00BFFF
#00BFFF	0.1	0.66	592.3	592.3	TPR=0.550	AIC	max	FALSE	#00BFFF
#FF0000	0.1	0.68	340.1	340.1	TPR=0.550	BIC	min	FALSE	#FF0000
#FF0000	0.1	0.7	520.2	520.2	TPR=0.550	BIC	min	FALSE	#FF0000
#FF0000	0.1	0.72	520.11	520.11	TPR=0.550	BIC	min	FALSE	#FF0000
#FF0000	0.1	0.74	546.11	546.11	TPR=0.550	BIC	min	FALSE	#FF0000
#FF0000	0.087	0.4	547.4	547.4	TPR=0.550	BIC	min	FALSE	#FF0000
#FF0000	0.087	0.42	550.4	550.4	TPR=0.550	BIC	min	FALSE	#FF0000
#FF0000	0.087	0.44	557.3	557.3	TPR=0.550	BIC	min	FALSE	#FF0000
#FF0000	0.087	0.46	559.4	559.4	TPR=0.550	BIC	min	FALSE	#FF0000
#FF0000	0.087	0.48	563.1	563.1	TPR=0.550	BIC	min	FALSE	#FF0000
#FF0000	0.087	0.5	563.4	563.4	TPR=0.550	BIC	min	FALSE	#FF0000
#FF0000	0.087	0.52	593.3	593.3	TPR=0.550	BIC	min	FALSE	#FF0000
#FF0000	0.087	0.54	599.2	599.2	TPR=0.550	BIC	min	FALSE	#FF0000
#FF0000	0.1	0.4	123.3	123.3	TPR=0.579	BIC	max	FALSE	#FF0000
#FF0000	0.1	0.42	144.17	144.17	TPR=0.579	BIC	max	FALSE	#FF0000
#FF0000	0.1	0.44	168.11	168.11	TPR=0.579	BIC	max	FALSE	#FF0000
#00BFFF	0.1	0.46	212.1	212.1	TPR=0.579	AIC	max	FALSE	#00BFFF
#FF0000	0.1	0.48	270.3	270.3	TPR=0.579	BIC	max	FALSE	#FF0000
#00BFFF	0.1	0.5	294.1	294.1	TPR=0.579	AIC	max	FALSE	#00BFFF
#FF0000	0.1	0.52	331.4	331.4	TPR=0.579	BIC	max	FALSE	#FF0000
#00BFFF	0.1	0.54	446.2	446.2	TPR=0.579	AIC	max	FALSE	#00BFFF
#00BFFF	0.1	0.56	522.11	522.11	TPR=0.579	AIC	max	FALSE	#00BFFF
#00BFFF	0.1	0.58	594.17	594.17	TPR=0.579	AIC	max	FALSE	#00BFFF
#FF0000	0.1	0.6	340.1	340.1	TPR=0.579	BIC	min	FALSE	#FF0000
#FF0000	0.1	0.62	358.1	358.1	TPR=0.579	BIC	min	FALSE	#FF0000
#FF0000	0.1	0.64	520.3	520.3	TPR=0.579	BIC	min	FALSE	#FF0000
#FF0000	0.1	0.66	520.11	520.11	TPR=0.579	BIC	min	FALSE	#FF0000
#FF0000	0.1	0.68	546.11	546.11	TPR=0.579	BIC	min	FALSE	#FF0000
#FF0000	0.1	0.7	547.4	547.4	TPR=0.579	BIC	min	FALSE	#FF0000
#FF0000	0.1	0.72	550.4	550.4	TPR=0.579	BIC	min	FALSE	#FF0000
#FF0000	0.1	0.74	557.3	557.3	TPR=0.579	BIC	min	FALSE	#FF0000
#FF0000	0.087	0.4	563.1	563.1	TPR=0.579	BIC	min	FALSE	#FF0000
#FF0000	0.087	0.42	563.4	563.4	TPR=0.579	BIC	min	FALSE	#FF0000
#FF0000	0.087	0.44	599.2	599.2	TPR=0.579	BIC	min	FALSE	#FF0000
#FF0000	0.1	0.4	46.4	46.4	TPR=0.600	BIC	max	FALSE	#FF0000
#FF0000	0.1	0.42	50.17	50.17	TPR=0.600	BIC	max	FALSE	#FF0000
#FF0000	0.1	0.44	123.3	123.3	TPR=0.600	BIC	max	FALSE	#FF0000
#00BFFF	0.1	0.46	145.1	145.1	TPR=0.600	AIC	max	FALSE	#00BFFF
#FF0000	0.1	0.48	145.3	145.3	TPR=0.600	BIC	max	FALSE	#FF0000
#FF0000	0.1	0.5	167.11	167.11	TPR=0.600	BIC	max	FALSE	#FF0000
#FF0000	0.1	0.52	168.11	168.11	TPR=0.600	BIC	max	FALSE	#FF0000
#00BFFF	0.1	0.54	212.1	212.1	TPR=0.600	AIC	max	FALSE	#00BFFF
#00BFFF	0.1	0.56	244.2	244.2	TPR=0.600	AIC	max	FALSE	#00BFFF
#FF0000	0.1	0.58	247.4	247.4	TPR=0.600	BIC	max	FALSE	#FF0000
#FF0000	0.1	0.6	270.3	270.3	TPR=0.600	BIC	max	FALSE	#FF0000
#00BFFF	0.1	0.62	306.1	306.1	TPR=0.600	AIC	max	FALSE	#00BFFF
#FF0000	0.1	0.64	410.17	410.17	TPR=0.600	BIC	max	FALSE	#FF0000
#00BFFF	0.1	0.66	431.17	431.17	TPR=0.600	AIC	max	FALSE	#00BFFF
#00BFFF	0.1	0.68	446.2	446.2	TPR=0.600	AIC	max	FALSE	#00BFFF
#00BFFF	0.1	0.7	472.1	472.1	TPR=0.600	AIC	max	FALSE	#00BFFF
#00BFFF	0.1	0.72	545.17	545.17	TPR=0.600	AIC	max	FALSE	#00BFFF
#00BFFF	0.1	0.74	594.17	594.17	TPR=0.600	AIC	max	FALSE	#00BFFF
#00BFFF	0.087	0.4	133.11	133.11	TPR=0.600	AIC	min	FALSE	#00BFFF
#FF0000	0.087	0.42	358.1	358.1	TPR=0.600	BIC	min	FALSE	#FF0000
#FF0000	0.087	0.44	520.3	520.3	TPR=0.600	BIC	min	FALSE	#FF0000
#FF0000	0.087	0.46	520.11	520.11	TPR=0.600	BIC	min	FALSE	#FF0000
#FF0000	0.087	0.48	540.11	540.11	TPR=0.600	BIC	min	FALSE	#FF0000
#FF0000	0.087	0.5	542.11	542.11	TPR=0.600	BIC	min	FALSE	#FF0000
#FF0000	0.087	0.52	547.4	547.4	TPR=0.600	BIC	min	FALSE	#FF0000
#FF0000	0.087	0.54	548.11	548.11	TPR=0.600	BIC	min	FALSE	#FF0000
#FF0000	0.087	0.56	550.4	550.4	TPR=0.600	BIC	min	FALSE	#FF0000
#FF0000	0.087	0.58	550.17	550.17	TPR=0.600	BIC	min	FALSE	#FF0000
#FF0000	0.087	0.6	563.1	563.1	TPR=0.600	BIC	min	FALSE	#FF0000
#FF0000	0.087	0.62	563.4	563.4	TPR=0.600	BIC	min	FALSE	#FF0000
#FF0000	0.1	0.4	4.4	4.4	TPR=0.650	BIC	max	FALSE	#FF0000
#FF0000	0.1	0.42	46.17	46.17	TPR=0.650	BIC	max	FALSE	#FF0000
#FF0000	0.1	0.44	128.3	128.3	TPR=0.650	BIC	max	FALSE	#FF0000
#00BFFF	0.1	0.46	138.1	138.1	TPR=0.650	AIC	max	FALSE	#00BFFF
#FF0000	0.1	0.48	145.11	145.11	TPR=0.650	BIC	max	FALSE	#FF0000
#00BFFF	0.1	0.5	153.2	153.2	TPR=0.650	AIC	max	FALSE	#00BFFF
#FF0000	0.1	0.52	180.11	180.11	TPR=0.650	BIC	max	FALSE	#FF0000
#00BFFF	0.1	0.54	189.3	189.3	TPR=0.650	AIC	max	FALSE	#00BFFF
#FF0000	0.1	0.56	191.11	191.11	TPR=0.650	BIC	max	FALSE	#FF0000
#FF0000	0.1	0.58	191.17	191.17	TPR=0.650	BIC	max	FALSE	#FF0000
#FF0000	0.1	0.6	356.11	356.11	TPR=0.650	BIC	max	FALSE	#FF0000
#FF0000	0.1	0.62	375.4	375.4	TPR=0.650	BIC	max	FALSE	#FF0000
#00BFFF	0.1	0.64	420.2	420.2	TPR=0.650	AIC	max	FALSE	#00BFFF
#00BFFF	0.1	0.66	445.1	445.1	TPR=0.650	AIC	max	FALSE	#00BFFF
#00BFFF	0.1	0.68	446.1	446.1	TPR=0.650	AIC	max	FALSE	#00BFFF
#00BFFF	0.1	0.7	499.11	499.11	TPR=0.650	AIC	max	FALSE	#00BFFF
#FF0000	0.1	0.72	505.17	505.17	TPR=0.650	BIC	max	FALSE	#FF0000
#00BFFF	0.1	0.74	545.11	545.11	TPR=0.650	AIC	max	FALSE	#00BFFF
#00BFFF	0.087	0.4	592.1	592.1	TPR=0.650	AIC	max	FALSE	#00BFFF
#00BFFF	0.087	0.42	594.17	594.17	TPR=0.650	AIC	max	FALSE	#00BFFF
#FF0000	0.087	0.44	520.3	520.3	TPR=0.650	BIC	min	FALSE	#FF0000
#FF0000	0.087	0.46	520.11	520.11	TPR=0.650	BIC	min	FALSE	#FF0000
#FF0000	0.087	0.48	540.11	540.11	TPR=0.650	BIC	min	FALSE	#FF0000
#FF0000	0.087	0.5	542.11	542.11	TPR=0.650	BIC	min	FALSE	#FF0000
#FF0000	0.087	0.52	548.11	548.11	TPR=0.650	BIC	min	FALSE	#FF0000
#FF0000	0.087	0.54	550.4	550.4	TPR=0.650	BIC	min	FALSE	#FF0000
#FF0000	0.087	0.56	550.17	550.17	TPR=0.650	BIC	min	FALSE	#FF0000
#FF0000	0.087	0.58	557.11	557.11	TPR=0.650	BIC	min	FALSE	#FF0000
#FF0000	0.087	0.6	563.1	563.1	TPR=0.650	BIC	min	FALSE	#FF0000
#FF0000	0.087	0.62	563.3	563.3	TPR=0.650	BIC	min	FALSE	#FF0000
#FF0000	0.087	0.64	563.4	563.4	TPR=0.650	BIC	min	FALSE	#FF0000
#FF0000	0.087	0.66	563.11	563.11	TPR=0.650	BIC	min	FALSE	#FF0000
#FF0000	0.087	0.68	565.1	565.1	TPR=0.650	BIC	min	FALSE	#FF0000
#FF0000	0.087	0.7	576.1	576.1	TPR=0.650	BIC	min	FALSE	#FF0000
#00BFFF	0.1	0.4	96.2	96.2	TPR=0.700	AIC	max	FALSE	#00BFFF
#FF0000	0.1	0.42	102.17	102.17	TPR=0.700	BIC	max	FALSE	#FF0000
#FF0000	0.1	0.44	113.11	113.11	TPR=0.700	BIC	max	FALSE	#FF0000
#FF0000	0.1	0.46	169.17	169.17	TPR=0.700	BIC	max	FALSE	#FF0000
#00BFFF	0.1	0.48	178.1	178.1	TPR=0.700	AIC	max	FALSE	#00BFFF
#FF0000	0.1	0.5	233.17	233.17	TPR=0.700	BIC	max	FALSE	#FF0000
#FF0000	0.1	0.52	252.4	252.4	TPR=0.700	BIC	max	FALSE	#FF0000
#FF0000	0.1	0.54	269.11	269.11	TPR=0.700	BIC	max	FALSE	#FF0000
#00BFFF	0.1	0.56	276.1	276.1	TPR=0.700	AIC	max	FALSE	#00BFFF
#00BFFF	0.1	0.58	420.1	420.1	TPR=0.700	AIC	max	FALSE	#00BFFF
#00BFFF	0.1	0.6	445.1	445.1	TPR=0.700	AIC	max	FALSE	#00BFFF
#00BFFF	0.1	0.62	592.1	592.1	TPR=0.700	AIC	max	FALSE	#00BFFF
#FF0000	0.1	0.64	129.1	129.1	TPR=0.700	BIC	min	FALSE	#FF0000
#FF0000	0.1	0.66	354.1	354.1	TPR=0.700	BIC	min	FALSE	#FF0000
#FF0000	0.1	0.68	506.1	506.1	TPR=0.700	BIC	min	FALSE	#FF0000
#FF0000	0.1	0.7	520.3	520.3	TPR=0.700	BIC	min	FALSE	#FF0000
#FF0000	0.1	0.72	540.11	540.11	TPR=0.700	BIC	min	FALSE	#FF0000
#FF0000	0.1	0.74	541.17	541.17	TPR=0.700	BIC	min	FALSE	#FF0000
#FF0000	0.087	0.4	542.11	542.11	TPR=0.700	BIC	min	FALSE	#FF0000
#FF0000	0.087	0.42	548.11	548.11	TPR=0.700	BIC	min	FALSE	#FF0000
#FF0000	0.087	0.44	550.17	550.17	TPR=0.700	BIC	min	FALSE	#FF0000
#FF0000	0.087	0.46	553.2	553.2	TPR=0.700	BIC	min	FALSE	#FF0000
#FF0000	0.087	0.48	557.11	557.11	TPR=0.700	BIC	min	FALSE	#FF0000
#FF0000	0.087	0.5	560.2	560.2	TPR=0.700	BIC	min	FALSE	#FF0000
#FF0000	0.087	0.52	563.2	563.2	TPR=0.700	BIC	min	FALSE	#FF0000
#FF0000	0.087	0.54	563.3	563.3	TPR=0.700	BIC	min	FALSE	#FF0000
#FF0000	0.087	0.56	563.11	563.11	TPR=0.700	BIC	min	FALSE	#FF0000
#FF0000	0.087	0.58	565.1	565.1	TPR=0.700	BIC	min	FALSE	#FF0000
#FF0000	0.087	0.6	585.17	585.17	TPR=0.700	BIC	min	FALSE	#FF0000
#FF0000	0.1	0.4	38.17	38.17	TPR=0.750	BIC	max	FALSE	#FF0000
#00BFFF	0.1	0.42	128.2	128.2	TPR=0.750	AIC	max	FALSE	#00BFFF
#00BFFF	0.1	0.44	167.3	167.3	TPR=0.750	AIC	max	FALSE	#00BFFF
#FF0000	0.1	0.46	324.11	324.11	TPR=0.750	BIC	max	FALSE	#FF0000
#FF0000	0.1	0.48	324.17	324.17	TPR=0.750	BIC	max	FALSE	#FF0000
#00BFFF	0.1	0.5	479.17	479.17	TPR=0.750	AIC	max	FALSE	#00BFFF
#00BFFF	0.1	0.52	11.17	11.17	TPR=0.750	AIC	min	FALSE	#00BFFF
#FF0000	0.1	0.54	229.1	229.1	TPR=0.750	BIC	min	FALSE	#FF0000
#FF0000	0.1	0.56	339.1	339.1	TPR=0.750	BIC	min	FALSE	#FF0000
#FF0000	0.1	0.58	508.2	508.2	TPR=0.750	BIC	min	FALSE	#FF0000
#FF0000	0.1	0.6	541.17	541.17	TPR=0.750	BIC	min	FALSE	#FF0000
#FF0000	0.1	0.62	546.3	546.3	TPR=0.750	BIC	min	FALSE	#FF0000
#FF0000	0.1	0.64	553.2	553.2	TPR=0.750	BIC	min	FALSE	#FF0000
#FF0000	0.1	0.66	555.4	555.4	TPR=0.750	BIC	min	FALSE	#FF0000
#FF0000	0.1	0.68	555.17	555.17	TPR=0.750	BIC	min	FALSE	#FF0000
#FF0000	0.1	0.7	557.4	557.4	TPR=0.750	BIC	min	FALSE	#FF0000
#FF0000	0.1	0.72	557.17	557.17	TPR=0.750	BIC	min	FALSE	#FF0000
#FF0000	0.1	0.74	559.11	559.11	TPR=0.750	BIC	min	FALSE	#FF0000
#FF0000	0.087	0.4	560.2	560.2	TPR=0.750	BIC	min	FALSE	#FF0000
#FF0000	0.087	0.42	563.2	563.2	TPR=0.750	BIC	min	FALSE	#FF0000
#FF0000	0.087	0.44	565.1	565.1	TPR=0.750	BIC	min	FALSE	#FF0000
#FF0000	0.087	0.46	565.2	565.2	TPR=0.750	BIC	min	FALSE	#FF0000
#FF0000	0.087	0.48	585.17	585.17	TPR=0.750	BIC	min	FALSE	#FF0000
#FF0000	0.087	0.5	591.2	591.2	TPR=0.750	BIC	min	FALSE	#FF0000
#00BFFF	0.1	0.4	192.1	192.1	TPR=0.800	AIC	max	FALSE	#00BFFF
#FF0000	0.1	0.42	270.17	270.17	TPR=0.800	BIC	max	FALSE	#FF0000
#FF0000	0.1	0.44	356.17	356.17	TPR=0.800	BIC	max	FALSE	#FF0000
#00BFFF	0.1	0.46	464.2	464.2	TPR=0.800	AIC	max	FALSE	#00BFFF
#FF0000	0.1	0.48	503.2	503.2	TPR=0.800	BIC	max	FALSE	#FF0000
#00BFFF	0.1	0.5	544.2	544.2	TPR=0.800	AIC	max	FALSE	#00BFFF
#FF0000	0.1	0.52	17.1	17.1	TPR=0.800	BIC	min	FALSE	#FF0000
#FF0000	0.1	0.54	57.1	57.1	TPR=0.800	BIC	min	FALSE	#FF0000
#FF0000	0.1	0.56	75.1	75.1	TPR=0.800	BIC	min	FALSE	#FF0000
#00BFFF	0.1	0.58	208.11	208.11	TPR=0.800	AIC	min	FALSE	#00BFFF
#FF0000	0.1	0.6	229.1	229.1	TPR=0.800	BIC	min	FALSE	#FF0000
#FF0000	0.1	0.62	229.17	229.17	TPR=0.800	BIC	min	FALSE	#FF0000
#FF0000	0.1	0.64	346.1	346.1	TPR=0.800	BIC	min	FALSE	#FF0000
#FF0000	0.1	0.66	501.2	501.2	TPR=0.800	BIC	min	FALSE	#FF0000
#FF0000	0.1	0.68	501.17	501.17	TPR=0.800	BIC	min	FALSE	#FF0000
#FF0000	0.1	0.7	508.2	508.2	TPR=0.800	BIC	min	FALSE	#FF0000
#FF0000	0.1	0.72	524.1	524.1	TPR=0.800	BIC	min	FALSE	#FF0000
#FF0000	0.1	0.74	524.4	524.4	TPR=0.800	BIC	min	FALSE	#FF0000
#FF0000	0.087	0.4	524.17	524.17	TPR=0.800	BIC	min	FALSE	#FF0000
#FF0000	0.087	0.42	539.3	539.3	TPR=0.800	BIC	min	FALSE	#FF0000
#FF0000	0.087	0.44	540.2	540.2	TPR=0.800	BIC	min	FALSE	#FF0000
#FF0000	0.087	0.46	541.1	541.1	TPR=0.800	BIC	min	FALSE	#FF0000
#FF0000	0.087	0.48	542.2	542.2	TPR=0.800	BIC	min	FALSE	#FF0000
#FF0000	0.087	0.5	543.2	543.2	TPR=0.800	BIC	min	FALSE	#FF0000
#FF0000	0.087	0.52	546.3	546.3	TPR=0.800	BIC	min	FALSE	#FF0000
#FF0000	0.087	0.54	548.2	548.2	TPR=0.800	BIC	min	FALSE	#FF0000
#FF0000	0.087	0.56	550.2	550.2	TPR=0.800	BIC	min	FALSE	#FF0000
#FF0000	0.087	0.58	550.11	550.11	TPR=0.800	BIC	min	FALSE	#FF0000
#FF0000	0.087	0.6	552.3	552.3	TPR=0.800	BIC	min	FALSE	#FF0000
#FF0000	0.087	0.62	552.17	552.17	TPR=0.800	BIC	min	FALSE	#FF0000
#FF0000	0.087	0.64	555.4	555.4	TPR=0.800	BIC	min	FALSE	#FF0000
#FF0000	0.087	0.66	557.4	557.4	TPR=0.800	BIC	min	FALSE	#FF0000
#FF0000	0.087	0.68	558.2	558.2	TPR=0.800	BIC	min	FALSE	#FF0000
#FF0000	0.087	0.7	559.11	559.11	TPR=0.800	BIC	min	FALSE	#FF0000
#FF0000	0.087	0.72	565.2	565.2	TPR=0.800	BIC	min	FALSE	#FF0000
#FF0000	0.087	0.74	583.1	583.1	TPR=0.800	BIC	min	FALSE	#FF0000
#FF0000	0.074	0.4	585.1	585.1	TPR=0.800	BIC	min	FALSE	#FF0000
#FF0000	0.074	0.42	591.2	591.2	TPR=0.800	BIC	min	FALSE	#FF0000
#FF0000	0.074	0.44	598.1	598.1	TPR=0.800	BIC	min	FALSE	#FF0000
#FF0000	0.1	0.4	46.3	46.3	TPR=0.829	BIC	max	FALSE	#FF0000
#00BFFF	0.1	0.42	88.2	88.2	TPR=0.829	AIC	max	FALSE	#00BFFF
#FF0000	0.1	0.44	270.17	270.17	TPR=0.829	BIC	max	FALSE	#FF0000
#FF0000	0.1	0.46	302.17	302.17	TPR=0.829	BIC	max	FALSE	#FF0000
#00BFFF	0.1	0.48	522.4	522.4	TPR=0.829	AIC	max	FALSE	#00BFFF
#00BFFF	0.1	0.5	592.17	592.17	TPR=0.829	AIC	max	FALSE	#00BFFF
#FF0000	0.1	0.52	315.1	315.1	TPR=0.829	BIC	min	FALSE	#FF0000
#00BFFF	0.1	0.54	332.4	332.4	TPR=0.829	AIC	min	FALSE	#00BFFF
#FF0000	0.1	0.56	415.1	415.1	TPR=0.829	BIC	min	FALSE	#FF0000
#FF0000	0.1	0.58	417.1	417.1	TPR=0.829	BIC	min	FALSE	#FF0000
#FF0000	0.1	0.6	419.1	419.1	TPR=0.829	BIC	min	FALSE	#FF0000
#FF0000	0.1	0.62	449.1	449.1	TPR=0.829	BIC	min	FALSE	#FF0000
#FF0000	0.1	0.64	486.1	486.1	TPR=0.829	BIC	min	FALSE	#FF0000
#FF0000	0.1	0.66	501.1	501.1	TPR=0.829	BIC	min	FALSE	#FF0000
#FF0000	0.1	0.68	501.2	501.2	TPR=0.829	BIC	min	FALSE	#FF0000
#FF0000	0.1	0.7	501.17	501.17	TPR=0.829	BIC	min	FALSE	#FF0000
#FF0000	0.1	0.72	507.17	507.17	TPR=0.829	BIC	min	FALSE	#FF0000
#FF0000	0.1	0.74	520.17	520.17	TPR=0.829	BIC	min	FALSE	#FF0000
#FF0000	0.087	0.4	524.1	524.1	TPR=0.829	BIC	min	FALSE	#FF0000
#FF0000	0.087	0.42	524.4	524.4	TPR=0.829	BIC	min	FALSE	#FF0000
#FF0000	0.087	0.44	524.17	524.17	TPR=0.829	BIC	min	FALSE	#FF0000
#FF0000	0.087	0.46	539.3	539.3	TPR=0.829	BIC	min	FALSE	#FF0000
#FF0000	0.087	0.48	540.2	540.2	TPR=0.829	BIC	min	FALSE	#FF0000
#FF0000	0.087	0.5	540.3	540.3	TPR=0.829	BIC	min	FALSE	#FF0000
#FF0000	0.087	0.52	541.1	541.1	TPR=0.829	BIC	min	FALSE	#FF0000
#FF0000	0.087	0.54	541.2	541.2	TPR=0.829	BIC	min	FALSE	#FF0000
#FF0000	0.087	0.56	542.2	542.2	TPR=0.829	BIC	min	FALSE	#FF0000
#FF0000	0.087	0.58	542.3	542.3	TPR=0.829	BIC	min	FALSE	#FF0000
#FF0000	0.087	0.6	543.1	543.1	TPR=0.829	BIC	min	FALSE	#FF0000
#FF0000	0.087	0.62	543.2	543.2	TPR=0.829	BIC	min	FALSE	#FF0000
#FF0000	0.087	0.64	543.11	543.11	TPR=0.829	BIC	min	FALSE	#FF0000
#FF0000	0.087	0.66	543.17	543.17	TPR=0.829	BIC	min	FALSE	#FF0000
#FF0000	0.087	0.68	548.2	548.2	TPR=0.829	BIC	min	FALSE	#FF0000
#FF0000	0.087	0.7	548.3	548.3	TPR=0.829	BIC	min	FALSE	#FF0000
#FF0000	0.087	0.72	550.2	550.2	TPR=0.829	BIC	min	FALSE	#FF0000
#FF0000	0.087	0.74	550.11	550.11	TPR=0.829	BIC	min	FALSE	#FF0000
#FF0000	0.074	0.4	552.1	552.1	TPR=0.829	BIC	min	FALSE	#FF0000
#FF0000	0.074	0.42	552.3	552.3	TPR=0.829	BIC	min	FALSE	#FF0000
#FF0000	0.074	0.44	552.17	552.17	TPR=0.829	BIC	min	FALSE	#FF0000
#FF0000	0.074	0.46	553.1	553.1	TPR=0.829	BIC	min	FALSE	#FF0000
#FF0000	0.074	0.48	553.11	553.11	TPR=0.829	BIC	min	FALSE	#FF0000
#FF0000	0.074	0.5	558.1	558.1	TPR=0.829	BIC	min	FALSE	#FF0000
#FF0000	0.074	0.52	558.2	558.2	TPR=0.829	BIC	min	FALSE	#FF0000
#FF0000	0.074	0.54	558.11	558.11	TPR=0.829	BIC	min	FALSE	#FF0000
#FF0000	0.074	0.56	558.17	558.17	TPR=0.829	BIC	min	FALSE	#FF0000
#FF0000	0.074	0.58	559.2	559.2	TPR=0.829	BIC	min	FALSE	#FF0000
#FF0000	0.074	0.6	560.1	560.1	TPR=0.829	BIC	min	FALSE	#FF0000
#FF0000	0.074	0.62	560.11	560.11	TPR=0.829	BIC	min	FALSE	#FF0000
#FF0000	0.074	0.64	565.2	565.2	TPR=0.829	BIC	min	FALSE	#FF0000
#FF0000	0.074	0.66	565.17	565.17	TPR=0.829	BIC	min	FALSE	#FF0000
#FF0000	0.074	0.68	583.1	583.1	TPR=0.829	BIC	min	FALSE	#FF0000
#FF0000	0.074	0.7	585.1	585.1	TPR=0.829	BIC	min	FALSE	#FF0000
#FF0000	0.074	0.72	585.2	585.2	TPR=0.829	BIC	min	FALSE	#FF0000
#FF0000	0.074	0.74	589.1	589.1	TPR=0.829	BIC	min	FALSE	#FF0000
#FF0000	0.061	0.4	598.1	598.1	TPR=0.829	BIC	min	FALSE	#FF0000
#FF0000	0.061	0.42	598.17	598.17	TPR=0.829	BIC	min	FALSE	#FF0000
#FF0000	0.061	0.44	601.1	601.1	TPR=0.829	BIC	min	FALSE	#FF0000
#00BFFF	0.1	0.4	96.17	96.17	TPR=0.850	AIC	max	FALSE	#00BFFF
#FF0000	0.1	0.42	123.4	123.4	TPR=0.850	BIC	max	FALSE	#FF0000
#00BFFF	0.1	0.44	139.3	139.3	TPR=0.850	AIC	max	FALSE	#00BFFF
#FF0000	0.1	0.46	349.17	349.17	TPR=0.850	BIC	max	FALSE	#FF0000
#FF0000	0.1	0.48	371.17	371.17	TPR=0.850	BIC	max	FALSE	#FF0000
#00BFFF	0.1	0.5	603.4	603.4	TPR=0.850	AIC	max	FALSE	#00BFFF
#FF0000	0.1	0.52	40.4	40.4	TPR=0.850	BIC	min	FALSE	#FF0000
#FF0000	0.1	0.54	99.1	99.1	TPR=0.850	BIC	min	FALSE	#FF0000
#FF0000	0.1	0.56	229.4	229.4	TPR=0.850	BIC	min	FALSE	#FF0000
#FF0000	0.1	0.58	315.1	315.1	TPR=0.850	BIC	min	FALSE	#FF0000
#00BFFF	0.1	0.6	332.4	332.4	TPR=0.850	AIC	min	FALSE	#00BFFF
#FF0000	0.1	0.62	417.1	417.1	TPR=0.850	BIC	min	FALSE	#FF0000
#FF0000	0.1	0.64	421.1	421.1	TPR=0.850	BIC	min	FALSE	#FF0000
#FF0000	0.1	0.66	447.1	447.1	TPR=0.850	BIC	min	FALSE	#FF0000
#FF0000	0.1	0.68	486.1	486.1	TPR=0.850	BIC	min	FALSE	#FF0000
#FF0000	0.1	0.7	501.1	501.1	TPR=0.850	BIC	min	FALSE	#FF0000
#FF0000	0.1	0.72	501.2	501.2	TPR=0.850	BIC	min	FALSE	#FF0000
#FF0000	0.1	0.74	507.17	507.17	TPR=0.850	BIC	min	FALSE	#FF0000
#FF0000	0.087	0.4	520.17	520.17	TPR=0.850	BIC	min	FALSE	#FF0000
#FF0000	0.087	0.42	524.1	524.1	TPR=0.850	BIC	min	FALSE	#FF0000
#FF0000	0.087	0.44	524.2	524.2	TPR=0.850	BIC	min	FALSE	#FF0000
#FF0000	0.087	0.46	524.4	524.4	TPR=0.850	BIC	min	FALSE	#FF0000
#FF0000	0.087	0.48	539.3	539.3	TPR=0.850	BIC	min	FALSE	#FF0000
#FF0000	0.087	0.5	540.1	540.1	TPR=0.850	BIC	min	FALSE	#FF0000
#FF0000	0.087	0.52	540.2	540.2	TPR=0.850	BIC	min	FALSE	#FF0000
#FF0000	0.087	0.54	540.3	540.3	TPR=0.850	BIC	min	FALSE	#FF0000
#FF0000	0.087	0.56	541.1	541.1	TPR=0.850	BIC	min	FALSE	#FF0000
#FF0000	0.087	0.58	541.2	541.2	TPR=0.850	BIC	min	FALSE	#FF0000
#FF0000	0.087	0.6	542.1	542.1	TPR=0.850	BIC	min	FALSE	#FF0000
#FF0000	0.087	0.62	542.2	542.2	TPR=0.850	BIC	min	FALSE	#FF0000
#FF0000	0.087	0.64	542.3	542.3	TPR=0.850	BIC	min	FALSE	#FF0000
#FF0000	0.087	0.66	543.1	543.1	TPR=0.850	BIC	min	FALSE	#FF0000
#FF0000	0.087	0.68	543.2	543.2	TPR=0.850	BIC	min	FALSE	#FF0000
#FF0000	0.087	0.7	543.11	543.11	TPR=0.850	BIC	min	FALSE	#FF0000
#FF0000	0.087	0.72	543.17	543.17	TPR=0.850	BIC	min	FALSE	#FF0000
#FF0000	0.087	0.74	547.11	547.11	TPR=0.850	BIC	min	FALSE	#FF0000
#FF0000	0.074	0.4	548.1	548.1	TPR=0.850	BIC	min	FALSE	#FF0000
#FF0000	0.074	0.42	548.2	548.2	TPR=0.850	BIC	min	FALSE	#FF0000
#FF0000	0.074	0.44	548.3	548.3	TPR=0.850	BIC	min	FALSE	#FF0000
#FF0000	0.074	0.46	550.2	550.2	TPR=0.850	BIC	min	FALSE	#FF0000
#FF0000	0.074	0.48	552.1	552.1	TPR=0.850	BIC	min	FALSE	#FF0000
#FF0000	0.074	0.5	552.3	552.3	TPR=0.850	BIC	min	FALSE	#FF0000
#FF0000	0.074	0.52	552.17	552.17	TPR=0.850	BIC	min	FALSE	#FF0000
#FF0000	0.074	0.54	553.1	553.1	TPR=0.850	BIC	min	FALSE	#FF0000
#FF0000	0.074	0.56	553.11	553.11	TPR=0.850	BIC	min	FALSE	#FF0000
#FF0000	0.074	0.58	555.2	555.2	TPR=0.850	BIC	min	FALSE	#FF0000
#FF0000	0.074	0.6	558.1	558.1	TPR=0.850	BIC	min	FALSE	#FF0000
#FF0000	0.074	0.62	558.2	558.2	TPR=0.850	BIC	min	FALSE	#FF0000
#FF0000	0.074	0.64	558.11	558.11	TPR=0.850	BIC	min	FALSE	#FF0000
#FF0000	0.074	0.66	558.17	558.17	TPR=0.850	BIC	min	FALSE	#FF0000
#FF0000	0.074	0.68	559.2	559.2	TPR=0.850	BIC	min	FALSE	#FF0000
#FF0000	0.074	0.7	560.1	560.1	TPR=0.850	BIC	min	FALSE	#FF0000
#FF0000	0.074	0.72	560.11	560.11	TPR=0.850	BIC	min	FALSE	#FF0000
#FF0000	0.074	0.74	565.2	565.2	TPR=0.850	BIC	min	FALSE	#FF0000
#FF0000	0.061	0.4	565.4	565.4	TPR=0.850	BIC	min	FALSE	#FF0000
#FF0000	0.061	0.42	565.17	565.17	TPR=0.850	BIC	min	FALSE	#FF0000
#FF0000	0.061	0.44	583.1	583.1	TPR=0.850	BIC	min	FALSE	#FF0000
#FF0000	0.061	0.46	583.4	583.4	TPR=0.850	BIC	min	FALSE	#FF0000
#FF0000	0.061	0.48	584.2	584.2	TPR=0.850	BIC	min	FALSE	#FF0000
#FF0000	0.061	0.5	585.1	585.1	TPR=0.850	BIC	min	FALSE	#FF0000
#FF0000	0.061	0.52	585.2	585.2	TPR=0.850	BIC	min	FALSE	#FF0000
#FF0000	0.061	0.54	589.1	589.1	TPR=0.850	BIC	min	FALSE	#FF0000
#FF0000	0.061	0.56	598.1	598.1	TPR=0.850	BIC	min	FALSE	#FF0000
#FF0000	0.061	0.58	598.17	598.17	TPR=0.850	BIC	min	FALSE	#FF0000
#FF0000	0.061	0.6	601.1	601.1	TPR=0.850	BIC	min	FALSE	#FF0000
#FF0000	0.1	0.4	28.11	28.11	TPR=0.900	BIC	max	FALSE	#FF0000
#00BFFF	0.1	0.42	44.1	44.1	TPR=0.900	AIC	max	FALSE	#00BFFF
#FF0000	0.1	0.44	89.17	89.17	TPR=0.900	BIC	max	FALSE	#FF0000
#FF0000	0.1	0.46	153.17	153.17	TPR=0.900	BIC	max	FALSE	#FF0000
#FF0000	0.1	0.48	173.4	173.4	TPR=0.900	BIC	max	FALSE	#FF0000
#FF0000	0.1	0.5	215.4	215.4	TPR=0.900	BIC	max	FALSE	#FF0000
#FF0000	0.1	0.52	258.2	258.2	TPR=0.900	BIC	max	FALSE	#FF0000
#00BFFF	0.1	0.54	464.1	464.1	TPR=0.900	AIC	max	FALSE	#00BFFF
#00BFFF	0.1	0.56	482.2	482.2	TPR=0.900	AIC	max	FALSE	#00BFFF
#00BFFF	0.1	0.58	516.1	516.1	TPR=0.900	AIC	max	FALSE	#00BFFF
#00BFFF	0.1	0.6	522.1	522.1	TPR=0.900	AIC	max	FALSE	#00BFFF
#00BFFF	0.1	0.62	587.1	587.1	TPR=0.900	AIC	max	FALSE	#00BFFF
#FF0000	0.1	0.64	13.1	13.1	TPR=0.900	BIC	min	FALSE	#FF0000
#FF0000	0.1	0.66	54.1	54.1	TPR=0.900	BIC	min	FALSE	#FF0000
#FF0000	0.1	0.68	62.1	62.1	TPR=0.900	BIC	min	FALSE	#FF0000
#FF0000	0.1	0.7	116.1	116.1	TPR=0.900	BIC	min	FALSE	#FF0000
#FF0000	0.1	0.72	142.1	142.1	TPR=0.900	BIC	min	FALSE	#FF0000
#FF0000	0.1	0.74	196.1	196.1	TPR=0.900	BIC	min	FALSE	#FF0000
#FF0000	0.087	0.4	220.1	220.1	TPR=0.900	BIC	min	FALSE	#FF0000
#FF0000	0.087	0.42	229.2	229.2	TPR=0.900	BIC	min	FALSE	#FF0000
#FF0000	0.087	0.44	229.3	229.3	TPR=0.900	BIC	min	FALSE	#FF0000
#FF0000	0.087	0.46	229.4	229.4	TPR=0.900	BIC	min	FALSE	#FF0000
#FF0000	0.087	0.48	229.11	229.11	TPR=0.900	BIC	min	FALSE	#FF0000
#FF0000	0.087	0.5	297.1	297.1	TPR=0.900	BIC	min	FALSE	#FF0000
#FF0000	0.087	0.52	343.1	343.1	TPR=0.900	BIC	min	FALSE	#FF0000
#FF0000	0.087	0.54	373.1	373.1	TPR=0.900	BIC	min	FALSE	#FF0000
#FF0000	0.087	0.56	422.1	422.1	TPR=0.900	BIC	min	FALSE	#FF0000
#FF0000	0.087	0.58	478.1	478.1	TPR=0.900	BIC	min	FALSE	#FF0000
#FF0000	0.087	0.6	501.1	501.1	TPR=0.900	BIC	min	FALSE	#FF0000
#FF0000	0.087	0.62	501.11	501.11	TPR=0.900	BIC	min	FALSE	#FF0000
#FF0000	0.087	0.64	524.2	524.2	TPR=0.900	BIC	min	FALSE	#FF0000
#FF0000	0.087	0.66	524.11	524.11	TPR=0.900	BIC	min	FALSE	#FF0000
#FF0000	0.087	0.68	540.1	540.1	TPR=0.900	BIC	min	FALSE	#FF0000
#FF0000	0.087	0.7	540.3	540.3	TPR=0.900	BIC	min	FALSE	#FF0000
#FF0000	0.087	0.72	540.17	540.17	TPR=0.900	BIC	min	FALSE	#FF0000
#FF0000	0.087	0.74	541.2	541.2	TPR=0.900	BIC	min	FALSE	#FF0000
#FF0000	0.074	0.4	542.1	542.1	TPR=0.900	BIC	min	FALSE	#FF0000
#FF0000	0.074	0.42	542.3	542.3	TPR=0.900	BIC	min	FALSE	#FF0000
#FF0000	0.074	0.44	542.17	542.17	TPR=0.900	BIC	min	FALSE	#FF0000
#FF0000	0.074	0.46	543.1	543.1	TPR=0.900	BIC	min	FALSE	#FF0000
#FF0000	0.074	0.48	544.1	544.1	TPR=0.900	BIC	min	FALSE	#FF0000
#FF0000	0.074	0.5	547.11	547.11	TPR=0.900	BIC	min	FALSE	#FF0000
#FF0000	0.074	0.52	548.1	548.1	TPR=0.900	BIC	min	FALSE	#FF0000
#FF0000	0.074	0.54	548.3	548.3	TPR=0.900	BIC	min	FALSE	#FF0000
#FF0000	0.074	0.56	548.17	548.17	TPR=0.900	BIC	min	FALSE	#FF0000
#FF0000	0.074	0.58	552.1	552.1	TPR=0.900	BIC	min	FALSE	#FF0000
#FF0000	0.074	0.6	552.4	552.4	TPR=0.900	BIC	min	FALSE	#FF0000
#FF0000	0.074	0.62	553.1	553.1	TPR=0.900	BIC	min	FALSE	#FF0000
#FF0000	0.074	0.64	553.3	553.3	TPR=0.900	BIC	min	FALSE	#FF0000
#FF0000	0.074	0.66	553.11	553.11	TPR=0.900	BIC	min	FALSE	#FF0000
#FF0000	0.074	0.68	553.17	553.17	TPR=0.900	BIC	min	FALSE	#FF0000
#FF0000	0.074	0.7	555.2	555.2	TPR=0.900	BIC	min	FALSE	#FF0000
#FF0000	0.074	0.72	558.1	558.1	TPR=0.900	BIC	min	FALSE	#FF0000
#FF0000	0.074	0.74	559.2	559.2	TPR=0.900	BIC	min	FALSE	#FF0000
#FF0000	0.061	0.4	559.3	559.3	TPR=0.900	BIC	min	FALSE	#FF0000
#FF0000	0.061	0.42	560.1	560.1	TPR=0.900	BIC	min	FALSE	#FF0000
#FF0000	0.061	0.44	560.3	560.3	TPR=0.900	BIC	min	FALSE	#FF0000
#FF0000	0.061	0.46	560.11	560.11	TPR=0.900	BIC	min	FALSE	#FF0000
#FF0000	0.061	0.48	560.17	560.17	TPR=0.900	BIC	min	FALSE	#FF0000
#FF0000	0.061	0.5	565.4	565.4	TPR=0.900	BIC	min	FALSE	#FF0000
#FF0000	0.061	0.52	565.11	565.11	TPR=0.900	BIC	min	FALSE	#FF0000
#FF0000	0.061	0.54	583.4	583.4	TPR=0.900	BIC	min	FALSE	#FF0000
#FF0000	0.061	0.56	583.17	583.17	TPR=0.900	BIC	min	FALSE	#FF0000
#FF0000	0.061	0.58	584.2	584.2	TPR=0.900	BIC	min	FALSE	#FF0000
#FF0000	0.061	0.6	584.17	584.17	TPR=0.900	BIC	min	FALSE	#FF0000
#FF0000	0.061	0.62	585.2	585.2	TPR=0.900	BIC	min	FALSE	#FF0000
#FF0000	0.061	0.64	594.1	594.1	TPR=0.900	BIC	min	FALSE	#FF0000
#FF0000	0.1	0.4	113.4	113.4	TPR=0.950	BIC	max	FALSE	#FF0000
#FF0000	0.1	0.42	168.3	168.3	TPR=0.950	BIC	max	FALSE	#FF0000
#00BFFF	0.1	0.44	172.4	172.4	TPR=0.950	AIC	max	FALSE	#00BFFF
#FF0000	0.1	0.46	297.17	297.17	TPR=0.950	BIC	max	FALSE	#FF0000
#00BFFF	0.1	0.48	495.3	495.3	TPR=0.950	AIC	max	FALSE	#00BFFF
#00BFFF	0.1	0.5	516.2	516.2	TPR=0.950	AIC	max	FALSE	#00BFFF
#FF0000	0.1	0.52	51.1	51.1	TPR=0.950	BIC	min	FALSE	#FF0000
#FF0000	0.1	0.54	80.1	80.1	TPR=0.950	BIC	min	FALSE	#FF0000
#FF0000	0.1	0.56	81.1	81.1	TPR=0.950	BIC	min	FALSE	#FF0000
#FF0000	0.1	0.58	117.1	117.1	TPR=0.950	BIC	min	FALSE	#FF0000
#FF0000	0.1	0.6	129.4	129.4	TPR=0.950	BIC	min	FALSE	#FF0000
#FF0000	0.1	0.62	133.1	133.1	TPR=0.950	BIC	min	FALSE	#FF0000
#FF0000	0.1	0.64	229.2	229.2	TPR=0.950	BIC	min	FALSE	#FF0000
#FF0000	0.1	0.66	239.1	239.1	TPR=0.950	BIC	min	FALSE	#FF0000
#FF0000	0.1	0.68	291.1	291.1	TPR=0.950	BIC	min	FALSE	#FF0000
#FF0000	0.1	0.7	324.1	324.1	TPR=0.950	BIC	min	FALSE	#FF0000
#FF0000	0.1	0.72	351.1	351.1	TPR=0.950	BIC	min	FALSE	#FF0000
#FF0000	0.1	0.74	362.1	362.1	TPR=0.950	BIC	min	FALSE	#FF0000
#FF0000	0.087	0.4	389.1	389.1	TPR=0.950	BIC	min	FALSE	#FF0000
#FF0000	0.087	0.42	394.1	394.1	TPR=0.950	BIC	min	FALSE	#FF0000
#FF0000	0.087	0.44	403.1	403.1	TPR=0.950	BIC	min	FALSE	#FF0000
#FF0000	0.087	0.46	418.1	418.1	TPR=0.950	BIC	min	FALSE	#FF0000
#FF0000	0.087	0.48	432.1	432.1	TPR=0.950	BIC	min	FALSE	#FF0000
#FF0000	0.087	0.5	438.1	438.1	TPR=0.950	BIC	min	FALSE	#FF0000
#FF0000	0.087	0.52	442.1	442.1	TPR=0.950	BIC	min	FALSE	#FF0000
#FF0000	0.087	0.54	445.17	445.17	TPR=0.950	BIC	min	FALSE	#FF0000
#FF0000	0.087	0.56	479.1	479.1	TPR=0.950	BIC	min	FALSE	#FF0000
#FF0000	0.087	0.58	501.3	501.3	TPR=0.950	BIC	min	FALSE	#FF0000
#FF0000	0.087	0.6	507.1	507.1	TPR=0.950	BIC	min	FALSE	#FF0000
#FF0000	0.087	0.62	524.3	524.3	TPR=0.950	BIC	min	FALSE	#FF0000
#FF0000	0.087	0.64	537.4	537.4	TPR=0.950	BIC	min	FALSE	#FF0000
#FF0000	0.087	0.66	539.1	539.1	TPR=0.950	BIC	min	FALSE	#FF0000
#FF0000	0.087	0.68	541.4	541.4	TPR=0.950	BIC	min	FALSE	#FF0000
#FF0000	0.087	0.7	543.4	543.4	TPR=0.950	BIC	min	FALSE	#FF0000
#FF0000	0.087	0.72	550.3	550.3	TPR=0.950	BIC	min	FALSE	#FF0000
#FF0000	0.087	0.74	552.2	552.2	TPR=0.950	BIC	min	FALSE	#FF0000
#FF0000	0.074	0.4	552.11	552.11	TPR=0.950	BIC	min	FALSE	#FF0000
#FF0000	0.074	0.42	553.4	553.4	TPR=0.950	BIC	min	FALSE	#FF0000
#FF0000	0.074	0.44	558.4	558.4	TPR=0.950	BIC	min	FALSE	#FF0000
#FF0000	0.074	0.46	559.3	559.3	TPR=0.950	BIC	min	FALSE	#FF0000
#FF0000	0.074	0.48	560.4	560.4	TPR=0.950	BIC	min	FALSE	#FF0000
#FF0000	0.074	0.5	565.3	565.3	TPR=0.950	BIC	min	FALSE	#FF0000
#FF0000	0.074	0.52	576.11	576.11	TPR=0.950	BIC	min	FALSE	#FF0000
#FF0000	0.074	0.54	583.11	583.11	TPR=0.950	BIC	min	FALSE	#FF0000
#FF0000	0.074	0.56	584.1	584.1	TPR=0.950	BIC	min	FALSE	#FF0000
#FF0000	0.074	0.58	585.4	585.4	TPR=0.950	BIC	min	FALSE	#FF0000
#FF0000	0.074	0.6	594.1	594.1	TPR=0.950	BIC	min	FALSE	#FF0000
#FF0000	0.074	0.62	594.3	594.3	TPR=0.950	BIC	min	FALSE	#FF0000
#FF0000	0.074	0.64	594.11	594.11	TPR=0.950	BIC	min	FALSE	#FF0000
#FF0000	0.074	0.66	598.2	598.2	TPR=0.950	BIC	min	FALSE	#FF0000
#FF0000	0.074	0.68	598.4	598.4	TPR=0.950	BIC	min	FALSE	#FF0000
#FF0000	0.074	0.7	598.11	598.11	TPR=0.950	BIC	min	FALSE	#FF0000
